event_id,lag,gamma_s,C_uncorrected,C_corrected,gamma0,mean_inv_b,denom_corr,sig_frac,max_lag
A01,0,0.01793770855092867,1.0,,0.01793770855092867,0.018953718766704954,-0.0010160102157762835,-0.05664102596447207,120
A01,1,0.0036522316595594033,0.2036063663979154,,0.01793770855092867,0.018953718766704954,-0.0010160102157762835,-0.05664102596447207,120
A01,2,0.0024042418520565227,0.13403283062774762,,0.01793770855092867,0.018953718766704954,-0.0010160102157762835,-0.05664102596447207,120
A01,3,0.0010966342827182908,0.06113569520904697,,0.01793770855092867,0.018953718766704954,-0.0010160102157762835,-0.05664102596447207,120
A01,4,0.0011210570212672336,0.06249722577910846,,0.01793770855092867,0.018953718766704954,-0.0010160102157762835,-0.05664102596447207,120
A01,5,0.0009501958109339928,0.052971972882500606,,0.01793770855092867,0.018953718766704954,-0.0010160102157762835,-0.05664102596447207,120
A01,6,0.0008261859404800662,0.04605861100565674,,0.01793770855092867,0.018953718766704954,-0.0010160102157762835,-0.05664102596447207,120
A01,7,0.002133064958101529,0.11891513077299364,,0.01793770855092867,0.018953718766704954,-0.0010160102157762835,-0.05664102596447207,120
A01,8,0.001147818117658649,0.06398911624635713,,0.01793770855092867,0.018953718766704954,-0.0010160102157762835,-0.05664102596447207,120
A01,9,0.000729922716126761,0.04069208249506158,,0.01793770855092867,0.018953718766704954,-0.0010160102157762835,-0.05664102596447207,120
A01,10,0.0001278278121702723,0.007126206327153999,,0.01793770855092867,0.018953718766704954,-0.0010160102157762835,-0.05664102596447207,120
A01,11,0.0001210192810965404,0.006746641063597557,,0.01793770855092867,0.018953718766704954,-0.0010160102157762835,-0.05664102596447207,120
A01,12,0.0010281103228506124,0.05731558855087904,,0.01793770855092867,0.018953718766704954,-0.0010160102157762835,-0.05664102596447207,120
A01,13,0.0013925881011597585,0.07763467096178578,,0.01793770855092867,0.018953718766704954,-0.0010160102157762835,-0.05664102596447207,120
A01,14,0.001961601733257754,0.10935631648202902,,0.01793770855092867,0.018953718766704954,-0.0010160102157762835,-0.05664102596447207,120
A01,15,0.0015778600136021365,0.0879632986076389,,0.01793770855092867,0.018953718766704954,-0.0010160102157762835,-0.05664102596447207,120
A01,16,0.0011448180310249085,0.06382186597438272,,0.01793770855092867,0.018953718766704954,-0.0010160102157762835,-0.05664102596447207,120
A01,17,0.0017717010027789879,0.0987696392629405,,0.01793770855092867,0.018953718766704954,-0.0010160102157762835,-0.05664102596447207,120
A01,18,0.0017281484461475088,0.09634165039759435,,0.01793770855092867,0.018953718766704954,-0.0010160102157762835,-0.05664102596447207,120
A01,19,0.001351199456764997,0.075327316916131,,0.01793770855092867,0.018953718766704954,-0.0010160102157762835,-0.05664102596447207,120
A01,20,0.0021623266560922743,0.1205464259803868,,0.01793770855092867,0.018953718766704954,-0.0010160102157762835,-0.05664102596447207,120
A01,21,0.0014377394674118958,0.08015179103450541,,0.01793770855092867,0.018953718766704954,-0.0010160102157762835,-0.05664102596447207,120
A01,22,0.0010173843283830895,0.056717630654692375,,0.01793770855092867,0.018953718766704954,-0.0010160102157762835,-0.05664102596447207,120
A01,23,0.00047165192923599014,0.026293878501642384,,0.01793770855092867,0.018953718766704954,-0.0010160102157762835,-0.05664102596447207,120
A01,24,0.000266249692354846,0.014843015851155734,,0.01793770855092867,0.018953718766704954,-0.0010160102157762835,-0.05664102596447207,120
A01,25,0.0005964004999346298,0.03324842179486481,,0.01793770855092867,0.018953718766704954,-0.0010160102157762835,-0.05664102596447207,120
A01,26,0.0012732609334947912,0.07098236265126918,,0.01793770855092867,0.018953718766704954,-0.0010160102157762835,-0.05664102596447207,120
A01,27,0.0012433692483173012,0.06931594661531779,,0.01793770855092867,0.018953718766704954,-0.0010160102157762835,-0.05664102596447207,120
A01,28,0.00132867094845931,0.0740713868043375,,0.01793770855092867,0.018953718766704954,-0.0010160102157762835,-0.05664102596447207,120
A01,29,0.0016495252660470247,0.09195852755460371,,0.01793770855092867,0.018953718766704954,-0.0010160102157762835,-0.05664102596447207,120
A01,30,0.0008764674833065204,0.04886173062841652,,0.01793770855092867,0.018953718766704954,-0.0010160102157762835,-0.05664102596447207,120
A01,31,0.0012518798515023686,0.06979039981322231,,0.01793770855092867,0.018953718766704954,-0.0010160102157762835,-0.05664102596447207,120
A01,32,0.00033628134031961295,0.018747173830193767,,0.01793770855092867,0.018953718766704954,-0.0010160102157762835,-0.05664102596447207,120
A01,33,-0.00017328478747641904,-0.009660363640340657,,0.01793770855092867,0.018953718766704954,-0.0010160102157762835,-0.05664102596447207,120
A01,34,0.0008906892984007644,0.049654575213546534,,0.01793770855092867,0.018953718766704954,-0.0010160102157762835,-0.05664102596447207,120
A01,35,-0.000260734821717457,-0.014535570191542566,,0.01793770855092867,0.018953718766704954,-0.0010160102157762835,-0.05664102596447207,120
A01,36,-0.00013904948003319795,-0.007751797262086694,,0.01793770855092867,0.018953718766704954,-0.0010160102157762835,-0.05664102596447207,120
A01,37,-0.0008621034714653967,-0.0480609587906792,,0.01793770855092867,0.018953718766704954,-0.0010160102157762835,-0.05664102596447207,120
A01,38,0.0001423788558026996,0.00793740490311001,,0.01793770855092867,0.018953718766704954,-0.0010160102157762835,-0.05664102596447207,120
A01,39,0.0012846923832581906,0.07161964860844389,,0.01793770855092867,0.018953718766704954,-0.0010160102157762835,-0.05664102596447207,120
A01,40,0.00012688695514682943,0.007073754977486254,,0.01793770855092867,0.018953718766704954,-0.0010160102157762835,-0.05664102596447207,120
A01,41,0.0008874486557073701,0.049473914306709214,,0.01793770855092867,0.018953718766704954,-0.0010160102157762835,-0.05664102596447207,120
A01,42,-0.00040603290483830044,-0.022635717582627314,,0.01793770855092867,0.018953718766704954,-0.0010160102157762835,-0.05664102596447207,120
A01,43,0.00020982906143774806,0.011697651394100993,,0.01793770855092867,0.018953718766704954,-0.0010160102157762835,-0.05664102596447207,120
A01,44,0.0004114995305338558,0.022940473660028982,,0.01793770855092867,0.018953718766704954,-0.0010160102157762835,-0.05664102596447207,120
A01,45,-0.0001368004938906106,-0.00762641970139091,,0.01793770855092867,0.018953718766704954,-0.0010160102157762835,-0.05664102596447207,120
A01,46,0.0011344843016073683,0.06324577625878718,,0.01793770855092867,0.018953718766704954,-0.0010160102157762835,-0.05664102596447207,120
A01,47,0.000381618591373896,0.021274656698229095,,0.01793770855092867,0.018953718766704954,-0.0010160102157762835,-0.05664102596447207,120
A01,48,0.0016316702792567547,0.09096313916708608,,0.01793770855092867,0.018953718766704954,-0.0010160102157762835,-0.05664102596447207,120
A01,49,0.0005075188001016803,0.028293402061959863,,0.01793770855092867,0.018953718766704954,-0.0010160102157762835,-0.05664102596447207,120
A01,50,-0.0012964076976726884,-0.07227275958865832,,0.01793770855092867,0.018953718766704954,-0.0010160102157762835,-0.05664102596447207,120
A01,51,-0.0003125565215867092,-0.017424551229567587,,0.01793770855092867,0.018953718766704954,-0.0010160102157762835,-0.05664102596447207,120
A01,52,-0.0007178497417891173,-0.040019032517503626,,0.01793770855092867,0.018953718766704954,-0.0010160102157762835,-0.05664102596447207,120
A01,53,-0.00025694001195100506,-0.014324015312295994,,0.01793770855092867,0.018953718766704954,-0.0010160102157762835,-0.05664102596447207,120
A01,54,-0.00025568863881570293,-0.01425425316114111,,0.01793770855092867,0.018953718766704954,-0.0010160102157762835,-0.05664102596447207,120
A01,55,0.001263872220383279,0.07045895615902656,,0.01793770855092867,0.018953718766704954,-0.0010160102157762835,-0.05664102596447207,120
A01,56,0.0005778190469611195,0.03221253402130924,,0.01793770855092867,0.018953718766704954,-0.0010160102157762835,-0.05664102596447207,120
A01,57,0.0005642281714456919,0.03145486335914855,,0.01793770855092867,0.018953718766704954,-0.0010160102157762835,-0.05664102596447207,120
A01,58,0.0007773524151977954,0.043336216161096584,,0.01793770855092867,0.018953718766704954,-0.0010160102157762835,-0.05664102596447207,120
A01,59,-4.914745155219199e-05,-0.00273989575717839,,0.01793770855092867,0.018953718766704954,-0.0010160102157762835,-0.05664102596447207,120
A01,60,-0.0001338472797121834,-0.00746178249758963,,0.01793770855092867,0.018953718766704954,-0.0010160102157762835,-0.05664102596447207,120
A01,61,0.00013900997717113936,0.007749595037541321,,0.01793770855092867,0.018953718766704954,-0.0010160102157762835,-0.05664102596447207,120
A01,62,0.0001117878570445107,0.006232003197460983,,0.01793770855092867,0.018953718766704954,-0.0010160102157762835,-0.05664102596447207,120
A01,63,0.00031596989660726796,0.017614841701222177,,0.01793770855092867,0.018953718766704954,-0.0010160102157762835,-0.05664102596447207,120
A01,64,-0.0009445623334926958,-0.05265791507376197,,0.01793770855092867,0.018953718766704954,-0.0010160102157762835,-0.05664102596447207,120
A01,65,0.0012353729440573531,0.06887016480114432,,0.01793770855092867,0.018953718766704954,-0.0010160102157762835,-0.05664102596447207,120
A01,66,0.0005522462497518458,0.03078688942815134,,0.01793770855092867,0.018953718766704954,-0.0010160102157762835,-0.05664102596447207,120
A01,67,0.0003222525422527721,0.017965089651101978,,0.01793770855092867,0.018953718766704954,-0.0010160102157762835,-0.05664102596447207,120
A01,68,0.0007798303556672216,0.043474357577676676,,0.01793770855092867,0.018953718766704954,-0.0010160102157762835,-0.05664102596447207,120
A01,69,0.001121901588421705,0.06254430911486863,,0.01793770855092867,0.018953718766704954,-0.0010160102157762835,-0.05664102596447207,120
A01,70,0.00033232415764928355,0.018526566908239707,,0.01793770855092867,0.018953718766704954,-0.0010160102157762835,-0.05664102596447207,120
A01,71,0.0003058265810926408,0.017049367271429302,,0.01793770855092867,0.018953718766704954,-0.0010160102157762835,-0.05664102596447207,120
A01,72,4.6876875339665514e-05,0.002613314582884033,,0.01793770855092867,0.018953718766704954,-0.0010160102157762835,-0.05664102596447207,120
A01,73,0.00037834490546725263,0.02109215368245377,,0.01793770855092867,0.018953718766704954,-0.0010160102157762835,-0.05664102596447207,120
A01,74,-0.00033968255459515534,-0.018936786358788805,,0.01793770855092867,0.018953718766704954,-0.0010160102157762835,-0.05664102596447207,120
A01,75,0.0005952108129604525,0.03318209855347646,,0.01793770855092867,0.018953718766704954,-0.0010160102157762835,-0.05664102596447207,120
A01,76,0.0005818715401169836,0.0324384543580322,,0.01793770855092867,0.018953718766704954,-0.0010160102157762835,-0.05664102596447207,120
A01,77,0.0019992371194611294,0.11145443208562027,,0.01793770855092867,0.018953718766704954,-0.0010160102157762835,-0.05664102596447207,120
A01,78,0.0008580019136252428,0.04783230317234819,,0.01793770855092867,0.018953718766704954,-0.0010160102157762835,-0.05664102596447207,120
A01,79,-0.0001422394759254759,-0.007929634686706507,,0.01793770855092867,0.018953718766704954,-0.0010160102157762835,-0.05664102596447207,120
A01,80,6.932956720314051e-05,0.0038650180432077083,,0.01793770855092867,0.018953718766704954,-0.0010160102157762835,-0.05664102596447207,120
A01,81,-0.0006935061866715561,-0.03866191630344289,,0.01793770855092867,0.018953718766704954,-0.0010160102157762835,-0.05664102596447207,120
A01,82,0.0008923148343662163,0.0497451963740385,,0.01793770855092867,0.018953718766704954,-0.0010160102157762835,-0.05664102596447207,120
A01,83,0.0008121477253623933,0.045276001840287836,,0.01793770855092867,0.018953718766704954,-0.0010160102157762835,-0.05664102596447207,120
A01,84,0.00016655853321141542,0.00928538518387246,,0.01793770855092867,0.018953718766704954,-0.0010160102157762835,-0.05664102596447207,120
A01,85,-0.00019852567399518428,-0.011067504716755263,,0.01793770855092867,0.018953718766704954,-0.0010160102157762835,-0.05664102596447207,120
A01,86,0.0006758105408208347,0.037675410931227706,,0.01793770855092867,0.018953718766704954,-0.0010160102157762835,-0.05664102596447207,120
A01,87,-7.277613790322243e-05,-0.004057159123563454,,0.01793770855092867,0.018953718766704954,-0.0010160102157762835,-0.05664102596447207,120
A01,88,7.791685819480405e-06,0.0004343746469822654,,0.01793770855092867,0.018953718766704954,-0.0010160102157762835,-0.05664102596447207,120
A01,89,0.0010694144469231637,0.059618230716977395,,0.01793770855092867,0.018953718766704954,-0.0010160102157762835,-0.05664102596447207,120
A01,90,0.0006349099644130358,0.03539526593435287,,0.01793770855092867,0.018953718766704954,-0.0010160102157762835,-0.05664102596447207,120
A01,91,-0.0008294445439395419,-0.04624027319791635,,0.01793770855092867,0.018953718766704954,-0.0010160102157762835,-0.05664102596447207,120
A01,92,0.0001899226364488705,0.010587898443641388,,0.01793770855092867,0.018953718766704954,-0.0010160102157762835,-0.05664102596447207,120
A01,93,0.001082299742160628,0.06033656635058859,,0.01793770855092867,0.018953718766704954,-0.0010160102157762835,-0.05664102596447207,120
A01,94,0.001666276716429511,0.09289239546392589,,0.01793770855092867,0.018953718766704954,-0.0010160102157762835,-0.05664102596447207,120
A01,95,0.0011173062008449676,0.06228812323896981,,0.01793770855092867,0.018953718766704954,-0.0010160102157762835,-0.05664102596447207,120
A01,96,0.001840602279623783,0.10261078076934702,,0.01793770855092867,0.018953718766704954,-0.0010160102157762835,-0.05664102596447207,120
A01,97,0.0008455192421699713,0.047136413202911426,,0.01793770855092867,0.018953718766704954,-0.0010160102157762835,-0.05664102596447207,120
A01,98,-0.00016050014177762016,-0.008947639065599087,,0.01793770855092867,0.018953718766704954,-0.0010160102157762835,-0.05664102596447207,120
A01,99,-1.8393796882873292e-05,-0.001025426231597514,,0.01793770855092867,0.018953718766704954,-0.0010160102157762835,-0.05664102596447207,120
A01,100,-7.958046467694569e-05,-0.004436490003781763,,0.01793770855092867,0.018953718766704954,-0.0010160102157762835,-0.05664102596447207,120
A01,101,0.0005126750880688436,0.02858085728248168,,0.01793770855092867,0.018953718766704954,-0.0010160102157762835,-0.05664102596447207,120
A01,102,0.00023238444044210738,0.012955079506522386,,0.01793770855092867,0.018953718766704954,-0.0010160102157762835,-0.05664102596447207,120
A01,103,0.00019554311557226607,0.010901231615904608,,0.01793770855092867,0.018953718766704954,-0.0010160102157762835,-0.05664102596447207,120
A01,104,0.00039814006753334817,0.022195703894003545,,0.01793770855092867,0.018953718766704954,-0.0010160102157762835,-0.05664102596447207,120
A01,105,0.0001780106116293692,0.009923821157198656,,0.01793770855092867,0.018953718766704954,-0.0010160102157762835,-0.05664102596447207,120
A01,106,0.0010318463080997075,0.05752386405265163,,0.01793770855092867,0.018953718766704954,-0.0010160102157762835,-0.05664102596447207,120
A01,107,0.0009251232544204796,0.05157421594814485,,0.01793770855092867,0.018953718766704954,-0.0010160102157762835,-0.05664102596447207,120
A01,108,0.0004569303020356364,0.025473170150932138,,0.01793770855092867,0.018953718766704954,-0.0010160102157762835,-0.05664102596447207,120
A01,109,0.000520635935341381,0.029024662423474748,,0.01793770855092867,0.018953718766704954,-0.0010160102157762835,-0.05664102596447207,120
A01,110,-0.00048713484241038663,-0.02715702738882814,,0.01793770855092867,0.018953718766704954,-0.0010160102157762835,-0.05664102596447207,120
A01,111,-4.2035064656251015e-06,-0.00023433909931642175,,0.01793770855092867,0.018953718766704954,-0.0010160102157762835,-0.05664102596447207,120
A01,112,0.0003037434810295733,0.016933237607645705,,0.01793770855092867,0.018953718766704954,-0.0010160102157762835,-0.05664102596447207,120
A01,113,0.0009116161843719307,0.050821217313441885,,0.01793770855092867,0.018953718766704954,-0.0010160102157762835,-0.05664102596447207,120
A01,114,0.0014647982209518929,0.08166027543557437,,0.01793770855092867,0.018953718766704954,-0.0010160102157762835,-0.05664102596447207,120
A01,115,-0.0005066908490887264,-0.02824724505084536,,0.01793770855092867,0.018953718766704954,-0.0010160102157762835,-0.05664102596447207,120
A01,116,0.0001933923557375743,0.010781330022644503,,0.01793770855092867,0.018953718766704954,-0.0010160102157762835,-0.05664102596447207,120
A01,117,-0.000730607354810746,-0.040730250061562126,,0.01793770855092867,0.018953718766704954,-0.0010160102157762835,-0.05664102596447207,120
A01,118,-0.00016119708040327518,-0.008986492335161153,,0.01793770855092867,0.018953718766704954,-0.0010160102157762835,-0.05664102596447207,120
A01,119,-0.0011738786732543647,-0.0654419526285363,,0.01793770855092867,0.018953718766704954,-0.0010160102157762835,-0.05664102596447207,120
A01,120,5.650022033679777e-05,0.0031498014462874434,,0.01793770855092867,0.018953718766704954,-0.0010160102157762835,-0.05664102596447207,120
A03,0,0.09989683032793469,1.0,2.7649006763774855,0.09989683032793469,0.06376647990289974,0.03613035042503494,0.3616766448587871,120
A03,1,0.015962199124350505,0.15978684280523073,0.4417947497484054,0.09989683032793469,0.06376647990289974,0.03613035042503494,0.3616766448587871,120
A03,2,0.002883568109118233,0.028865461493144947,0.07981013400634474,0.09989683032793469,0.06376647990289974,0.03613035042503494,0.3616766448587871,120
A03,3,-0.0005122055092871975,-0.005127344957850648,-0.014176599541981945,0.09989683032793469,0.06376647990289974,0.03613035042503494,0.3616766448587871,120
A03,4,-0.003527623159436458,-0.035312663553550304,-0.09763600734390182,0.09989683032793469,0.06376647990289974,0.03613035042503494,0.3616766448587871,120
A03,5,-0.0024272390464641254,-0.024297458072454814,-0.06718005825878391,0.09989683032793469,0.06376647990289974,0.03613035042503494,0.3616766448587871,120
A03,6,-0.0038876957248514766,-0.03891710790111365,-0.10760193795844472,0.09989683032793469,0.06376647990289974,0.03613035042503494,0.3616766448587871,120
A03,7,-0.0011898128130001008,-0.011910416067199153,-0.03293111744013621,0.09989683032793469,0.06376647990289974,0.03613035042503494,0.3616766448587871,120
A03,8,0.0023087658811797767,0.023111502873521744,0.06390100992710047,0.09989683032793469,0.06376647990289974,0.03613035042503494,0.3616766448587871,120
A03,9,-0.0037315409868213787,-0.037353947813676604,-0.10327995557540375,0.09989683032793469,0.06376647990289974,0.03613035042503494,0.3616766448587871,120
A03,10,-0.004159274869565366,-0.04163570411505124,-0.11511858646915804,0.09989683032793469,0.06376647990289974,0.03613035042503494,0.3616766448587871,120
A03,11,-0.005725740654898629,-0.05731653983517342,-0.1584745397578881,0.09989683032793469,0.06376647990289974,0.03613035042503494,0.3616766448587871,120
A03,12,-0.004337785817654916,-0.043422657189573693,-0.12005933423355998,0.09989683032793469,0.06376647990289974,0.03613035042503494,0.3616766448587871,120
A03,13,0.007369576589387461,0.07377187609651982,0.2039719101169037,0.09989683032793469,0.06376647990289974,0.03613035042503494,0.3616766448587871,120
A03,14,0.00023520008771082794,0.0023544299347509697,0.006509764919076354,0.09989683032793469,0.06376647990289974,0.03613035042503494,0.3616766448587871,120
A03,15,-0.0026033342510470266,-0.026060228763024548,-0.07205394413343857,0.09989683032793469,0.06376647990289974,0.03613035042503494,0.3616766448587871,120
A03,16,0.0014143952434069397,0.014158559773757153,0.039147011494992216,0.09989683032793469,0.06376647990289974,0.03613035042503494,0.3616766448587871,120
A03,17,0.004879772816839297,0.0488481246183718,0.1350602127971079,0.09989683032793469,0.06376647990289974,0.03613035042503494,0.3616766448587871,120
A03,18,0.00030950299857169605,0.0030982264157499305,0.008566288312477575,0.09989683032793469,0.06376647990289974,0.03613035042503494,0.3616766448587871,120
A03,19,-0.0018320355384744194,-0.01833927595560675,-0.050706276493930454,0.09989683032793469,0.06376647990289974,0.03613035042503494,0.3616766448587871,120
A03,20,0.0025424221881583105,0.02545047905736564,0.07036804675984129,0.09989683032793469,0.06376647990289974,0.03613035042503494,0.3616766448587871,120
A03,21,0.001894884424297099,0.018968413893380782,0.052445780403616624,0.09989683032793469,0.06376647990289974,0.03613035042503494,0.3616766448587871,120
A03,22,-0.001799306238426012,-0.01801164493927754,-0.04980040927527959,0.09989683032793469,0.06376647990289974,0.03613035042503494,0.3616766448587871,120
A03,23,-0.001019689547024095,-0.010207426438623986,-0.028222520264224886,0.09989683032793469,0.06376647990289974,0.03613035042503494,0.3616766448587871,120
A03,24,-0.009121932753375108,-0.09131353540878356,-0.2524728558141652,0.09989683032793469,0.06376647990289974,0.03613035042503494,0.3616766448587871,120
A03,25,-0.003694929033165191,-0.03698745016269008,-0.10226662597230034,0.09989683032793469,0.06376647990289974,0.03613035042503494,0.3616766448587871,120
A03,26,-0.002682031073609226,-0.026848009739696768,-0.07423208028867692,0.09989683032793469,0.06376647990289974,0.03613035042503494,0.3616766448587871,120
A03,27,-0.0006578225228255931,-0.006585018970733476,-0.01820692340613956,0.09989683032793469,0.06376647990289974,0.03613035042503494,0.3616766448587871,120
A03,28,3.8271608325453695e-06,3.831113379655611e-05,0.00010592647974688632,0.09989683032793469,0.06376647990289974,0.03613035042503494,0.3616766448587871,120
A03,29,-0.009093227659157826,-0.09102618801124301,-0.25167836880035,0.09989683032793469,0.06376647990289974,0.03613035042503494,0.3616766448587871,120
A03,30,-0.007091174790342942,-0.07098498287747973,-0.19626642717058793,0.09989683032793469,0.06376647990289974,0.03613035042503494,0.3616766448587871,120
A03,31,-0.0006908709034331974,-0.00691584408799811,-0.01912162199662721,0.09989683032793469,0.06376647990289974,0.03613035042503494,0.3616766448587871,120
A03,32,0.0033326290327901553,0.03336070846141986,0.09223904538941188,0.09989683032793469,0.06376647990289974,0.03613035042503494,0.3616766448587871,120
A03,33,0.0040102251377940904,0.040143667468022656,0.1109932533346087,0.09989683032793469,0.06376647990289974,0.03613035042503494,0.3616766448587871,120
A03,34,0.0062711451054451505,0.06277621707173943,0.1735700050420722,0.09989683032793469,0.06376647990289974,0.03613035042503494,0.3616766448587871,120
A03,35,0.0015572278175306482,0.015588360635854852,0.04310026886569125,0.09989683032793469,0.06376647990289974,0.03613035042503494,0.3616766448587871,120
A03,36,0.0008290391679925722,0.008298953683225557,0.02294578265197577,0.09989683032793469,0.06376647990289974,0.03613035042503494,0.3616766448587871,120
A03,37,-0.008696886861586919,-0.08705868677752193,-0.24070862195570603,0.09989683032793469,0.06376647990289974,0.03613035042503494,0.3616766448587871,120
A03,38,-0.0021884513015893703,-0.02190711451409687,-0.06057099573750547,0.09989683032793469,0.06376647990289974,0.03613035042503494,0.3616766448587871,120
A03,39,0.0008920732336016062,0.008929945331330007,0.024690411886608307,0.09989683032793469,0.06376647990289974,0.03613035042503494,0.3616766448587871,120
A03,40,-0.0030242869503069526,-0.030274103196057615,-0.08370488840350149,0.09989683032793469,0.06376647990289974,0.03613035042503494,0.3616766448587871,120
A03,41,-0.006821371412482234,-0.0682841626715231,-0.18879892755636446,0.09989683032793469,0.06376647990289974,0.03613035042503494,0.3616766448587871,120
A03,42,-0.005225389707748088,-0.0523078629281282,-0.14462604558984246,0.09989683032793469,0.06376647990289974,0.03613035042503494,0.3616766448587871,120
A03,43,-0.0022882596868118712,-0.0229062291496149,-0.06333344846902791,0.09989683032793469,0.06376647990289974,0.03613035042503494,0.3616766448587871,120
A03,44,0.007716065663986569,0.07724034525076302,0.21356188282746516,0.09989683032793469,0.06376647990289974,0.03613035042503494,0.3616766448587871,120
A03,45,-0.00023605925958364725,-0.002363030526681653,-0.006533544701522748,0.09989683032793469,0.06376647990289974,0.03613035042503494,0.3616766448587871,120
A03,46,0.0020835175167669712,0.020856692949389268,0.05766668444276392,0.09989683032793469,0.06376647990289974,0.03613035042503494,0.3616766448587871,120
A03,47,0.0004365449086630378,0.004369957557511857,0.012082498606505437,0.09989683032793469,0.06376647990289974,0.03613035042503494,0.3616766448587871,120
A03,48,0.0010134981367843183,0.0101454483936805,0.028051157125840085,0.09989683032793469,0.06376647990289974,0.03613035042503494,0.3616766448587871,120
A03,49,0.0024660542596594316,0.02468601107326461,0.06825436871353142,0.09989683032793469,0.06376647990289974,0.03613035042503494,0.3616766448587871,120
A03,50,0.008081445222412744,0.08089791433705666,0.22367469806805584,0.09989683032793469,0.06376647990289974,0.03613035042503494,0.3616766448587871,120
A03,51,8.07290700468255e-05,0.0008081244398026791,0.002234383810207604,0.09989683032793469,0.06376647990289974,0.03613035042503494,0.3616766448587871,120
A03,52,-0.000208549924675121,-0.0020876530715790193,-0.005772153389650366,0.09989683032793469,0.06376647990289974,0.03613035042503494,0.3616766448587871,120
A03,53,0.0032272176385994924,0.03230550587046052,0.08932151503195311,0.09989683032793469,0.06376647990289974,0.03613035042503494,0.3616766448587871,120
A03,54,-0.005871769260805666,-0.05877833402251314,-0.16251625549518836,0.09989683032793469,0.06376647990289974,0.03613035042503494,0.3616766448587871,120
A03,55,-0.0014443626190216816,-0.014458543021637661,-0.039976435379958944,0.09989683032793469,0.06376647990289974,0.03613035042503494,0.3616766448587871,120
A03,56,0.0019653647104665582,0.019673944648842104,0.054396502866596745,0.09989683032793469,0.06376647990289974,0.03613035042503494,0.3616766448587871,120
A03,57,0.0006727992650311825,0.006734941066924363,0.018621443111301674,0.09989683032793469,0.06376647990289974,0.03613035042503494,0.3616766448587871,120
A03,58,-6.453938148629194e-05,-0.0006460603532106708,-0.001786292707572861,0.09989683032793469,0.06376647990289974,0.03613035042503494,0.3616766448587871,120
A03,59,-0.0007491540087828496,-0.007499277067386187,-0.020734756235958236,0.09989683032793469,0.06376647990289974,0.03613035042503494,0.3616766448587871,120
A03,60,0.0026531163116153187,0.026558563499020384,0.07343179018205585,0.09989683032793469,0.06376647990289974,0.03613035042503494,0.3616766448587871,120
A03,61,0.0018400710407379883,0.018419713965873843,0.05092867960292441,0.09989683032793469,0.06376647990289974,0.03613035042503494,0.3616766448587871,120
A03,62,-0.002127573263827583,-0.021297705411105903,-0.05888604009645514,0.09989683032793469,0.06376647990289974,0.03613035042503494,0.3616766448587871,120
A03,63,0.0049050571227061066,0.04910122880379798,0.1357600207305867,0.09989683032793469,0.06376647990289974,0.03613035042503494,0.3616766448587871,120
A03,64,0.0037498056903728784,0.03753678348014912,0.10378547803329953,0.09989683032793469,0.06376647990289974,0.03613035042503494,0.3616766448587871,120
A03,65,-0.0032548318309740263,-0.03258193298315152,-0.09008580854280154,0.09989683032793469,0.06376647990289974,0.03613035042503494,0.3616766448587871,120
A03,66,0.0069572703561876755,0.06964455562152283,0.19256027894395786,0.09989683032793469,0.06376647990289974,0.03613035042503494,0.3616766448587871,120
A03,67,-0.0018362817551994728,-0.018381781976179314,-0.05082380141896165,0.09989683032793469,0.06376647990289974,0.03613035042503494,0.3616766448587871,120
A03,68,-0.0038869300163137427,-0.03890944290778783,-0.10758074501321374,0.09989683032793469,0.06376647990289974,0.03613035042503494,0.3616766448587871,120
A03,69,0.00040696376238153007,0.004073840591794319,0.011263764607706167,0.09989683032793469,0.06376647990289974,0.03613035042503494,0.3616766448587871,120
A03,70,-0.0003314198109019228,-0.0033176208876093453,-0.009172892236115152,0.09989683032793469,0.06376647990289974,0.03613035042503494,0.3616766448587871,120
A03,71,-1.785060156628246e-05,-0.00017869036993149523,-0.0004940611246857342,0.09989683032793469,0.06376647990289974,0.03613035042503494,0.3616766448587871,120
A03,72,-0.004305473542240771,-0.04309920072645997,-0.11916500923991818,0.09989683032793469,0.06376647990289974,0.03613035042503494,0.3616766448587871,120
A03,73,-0.00492555844669094,-0.049306453773574635,-0.13632744738833175,0.09989683032793469,0.06376647990289974,0.03613035042503494,0.3616766448587871,120
A03,74,-0.0015202086372935457,-0.015217786513376907,-0.04207566822380399,0.09989683032793469,0.06376647990289974,0.03613035042503494,0.3616766448587871,120
A03,75,-0.0062165533259941575,-0.062229735473957166,-0.17205903770273617,0.09989683032793469,0.06376647990289974,0.03613035042503494,0.3616766448587871,120
A03,76,-0.0030096200067107307,-0.03012728228544339,-0.08329894316843786,0.09989683032793469,0.06376647990289974,0.03613035042503494,0.3616766448587871,120
A03,77,0.005842805853535252,0.05848840082668166,0.1617146190059296,0.09989683032793469,0.06376647990289974,0.03613035042503494,0.3616766448587871,120
A03,78,0.005161530049362237,0.05166860682584531,0.14285856596026206,0.09989683032793469,0.06376647990289974,0.03613035042503494,0.3616766448587871,120
A03,79,0.0008654451410833154,0.008663389401268184,0.02395341121528794,0.09989683032793469,0.06376647990289974,0.03613035042503494,0.3616766448587871,120
A03,80,0.0020067344269184663,0.020088069064162415,0.0555415157426203,0.09989683032793469,0.06376647990289974,0.03613035042503494,0.3616766448587871,120
A03,81,-0.003936242072291262,-0.0394030727438461,-0.10894558248081135,0.09989683032793469,0.06376647990289974,0.03613035042503494,0.3616766448587871,120
A03,82,-0.0026731327421294876,-0.026758934526293826,-0.07398579617089064,0.09989683032793469,0.06376647990289974,0.03613035042503494,0.3616766448587871,120
A03,83,0.005699499891867733,0.05705386120017815,0.15774825942231974,0.09989683032793469,0.06376647990289974,0.03613035042503494,0.3616766448587871,120
A03,84,-0.0011612601205879143,-0.011624594261657819,-0.03214084853667154,0.09989683032793469,0.06376647990289974,0.03613035042503494,0.3616766448587871,120
A03,85,-0.0062148629233613846,-0.062212813989789714,-0.17201225147971627,0.09989683032793469,0.06376647990289974,0.03613035042503494,0.3616766448587871,120
A03,86,-0.005242559914214384,-0.05247974232019631,-0.14510127503722692,0.09989683032793469,0.06376647990289974,0.03613035042503494,0.3616766448587871,120
A03,87,-0.0012491554889645605,-0.012504455695580287,-0.03457357801044224,0.09989683032793469,0.06376647990289974,0.03613035042503494,0.3616766448587871,120
A03,88,-0.0010193535337372642,-0.010204062835537405,-0.028213220235775733,0.09989683032793469,0.06376647990289974,0.03613035042503494,0.3616766448587871,120
A03,89,0.00042677555177065456,0.004272163094361093,0.011812106629193918,0.09989683032793469,0.06376647990289974,0.03613035042503494,0.3616766448587871,120
A03,90,0.0028554806730172306,0.028584297055706854,0.07903274226309885,0.09989683032793469,0.06376647990289974,0.03613035042503494,0.3616766448587871,120
A03,91,0.003740907689727202,0.037447711578503524,0.1035392030721934,0.09989683032793469,0.06376647990289974,0.03613035042503494,0.3616766448587871,120
A03,92,0.0012539762958069121,0.012552713551475476,0.034707006188847374,0.09989683032793469,0.06376647990289974,0.03613035042503494,0.3616766448587871,120
A03,93,-0.0009836717281112778,-0.009846876271070318,-0.027225634862087737,0.09989683032793469,0.06376647990289974,0.03613035042503494,0.3616766448587871,120
A03,94,0.006692821206614292,0.06699733299488625,0.18524097131304862,0.09989683032793469,0.06376647990289974,0.03613035042503494,0.3616766448587871,120
A03,95,0.0021759888694221487,0.02178236148513378,0.06022606600334528,0.09989683032793469,0.06376647990289974,0.03613035042503494,0.3616766448587871,120
A03,96,0.0030701826048218804,0.030733533734186448,0.08497516820912238,0.09989683032793469,0.06376647990289974,0.03613035042503494,0.3616766448587871,120
A03,97,0.0053140117517565,0.05319499862319971,0.14707888767318428,0.09989683032793469,0.06376647990289974,0.03613035042503494,0.3616766448587871,120
A03,98,0.003264669717419603,0.03268041344958155,0.0903580972510439,0.09989683032793469,0.06376647990289974,0.03613035042503494,0.3616766448587871,120
A03,99,0.0017046716840401041,0.017064322045495548,0.04718115556551388,0.09989683032793469,0.06376647990289974,0.03613035042503494,0.3616766448587871,120
A03,100,0.004173580362138049,0.04177890678250047,0.11551452762124748,0.09989683032793469,0.06376647990289974,0.03613035042503494,0.3616766448587871,120
A03,101,0.0002914687950714985,0.0029176981303078798,0.00806714553395358,0.09989683032793469,0.06376647990289974,0.03613035042503494,0.3616766448587871,120
A03,102,-0.0004359679282574382,-0.0043641817946202255,-0.01206652919577977,0.09989683032793469,0.06376647990289974,0.03613035042503494,0.3616766448587871,120
A03,103,-0.0060323450445452014,-0.060385750225934294,-0.1669606016432476,0.09989683032793469,0.06376647990289974,0.03613035042503494,0.3616766448587871,120
A03,104,-0.0026260128220231996,-0.026287248688498913,-0.07268163167893381,0.09989683032793469,0.06376647990289974,0.03613035042503494,0.3616766448587871,120
A03,105,0.004356952628657899,0.04361452324718596,0.12058982482602604,0.09989683032793469,0.06376647990289974,0.03613035042503494,0.3616766448587871,120
A03,106,-0.0011718164026175407,-0.011730266103246515,-0.03243302068295418,0.09989683032793469,0.06376647990289974,0.03613035042503494,0.3616766448587871,120
A03,107,-0.001027248940020999,-0.010283098439147811,-0.02843174582965605,0.09989683032793469,0.06376647990289974,0.03613035042503494,0.3616766448587871,120
A03,108,0.0005505491555305289,0.005511177418975384,0.015237858173361362,0.09989683032793469,0.06376647990289974,0.03613035042503494,0.3616766448587871,120
A03,109,0.003731698002737919,0.037355519594443075,0.10328430139310807,0.09989683032793469,0.06376647990289974,0.03613035042503494,0.3616766448587871,120
A03,110,0.005820526390755066,0.05826537610500582,0.16109797780211915,0.09989683032793469,0.06376647990289974,0.03613035042503494,0.3616766448587871,120
A03,111,0.00315046680102647,0.03153720484107781,0.08719723899615134,0.09989683032793469,0.06376647990289974,0.03613035042503494,0.3616766448587871,120
A03,112,-0.0007103347841943364,-0.007110683911216166,-0.019660334755628082,0.09989683032793469,0.06376647990289974,0.03613035042503494,0.3616766448587871,120
A03,113,-0.0004024421531829161,-0.004028577802336728,-0.011138617490520144,0.09989683032793469,0.06376647990289974,0.03613035042503494,0.3616766448587871,120
A03,114,0.0010197663425605648,0.010208195187103971,0.02822464577741716,0.09989683032793469,0.06376647990289974,0.03613035042503494,0.3616766448587871,120
A03,115,0.003070207746315041,0.030733785408769896,0.08497586406434839,0.09989683032793469,0.06376647990289974,0.03613035042503494,0.3616766448587871,120
A03,116,-0.0008650658712169336,-0.008659592785648481,-0.02394291395019308,0.09989683032793469,0.06376647990289974,0.03613035042503494,0.3616766448587871,120
A03,117,-0.002625312934437363,-0.026280242584465992,-0.07266226049715442,0.09989683032793469,0.06376647990289974,0.03613035042503494,0.3616766448587871,120
A03,118,-0.002810687093293407,-0.02813589864730112,-0.07779296520041125,0.09989683032793469,0.06376647990289974,0.03613035042503494,0.3616766448587871,120
A03,119,-0.0074572693945068646,-0.07464970980587307,-0.20639903313364147,0.09989683032793469,0.06376647990289974,0.03613035042503494,0.3616766448587871,120
A03,120,-0.009306553539433814,-0.0931616499630957,-0.25758270899540586,0.09989683032793469,0.06376647990289974,0.03613035042503494,0.3616766448587871,120
A04,0,0.33827269131388615,1.0,,0.33827269131388615,0.3739366157438301,-0.03566392442994393,-0.10542951100019796,120
A04,1,-0.037391481603776824,-0.11053650668206304,,0.33827269131388615,0.3739366157438301,-0.03566392442994393,-0.10542951100019796,120
A04,2,-0.006090679776971249,-0.018005236406505115,,0.33827269131388615,0.3739366157438301,-0.03566392442994393,-0.10542951100019796,120
A04,3,-0.013599493769092905,-0.04020275392693115,,0.33827269131388615,0.3739366157438301,-0.03566392442994393,-0.10542951100019796,120
A04,4,0.020950403882982686,0.06193347681011183,,0.33827269131388615,0.3739366157438301,-0.03566392442994393,-0.10542951100019796,120
A04,5,-0.024577640901514756,-0.07265629633315257,,0.33827269131388615,0.3739366157438301,-0.03566392442994393,-0.10542951100019796,120
A04,6,-0.0039299720840113355,-0.01161776337530209,,0.33827269131388615,0.3739366157438301,-0.03566392442994393,-0.10542951100019796,120
A04,7,-0.0015348995013137906,-0.004537462055692648,,0.33827269131388615,0.3739366157438301,-0.03566392442994393,-0.10542951100019796,120
A04,8,0.004704059723593489,0.013906117296440437,,0.33827269131388615,0.3739366157438301,-0.03566392442994393,-0.10542951100019796,120
A04,9,-0.007187375099752546,-0.02124728151077179,,0.33827269131388615,0.3739366157438301,-0.03566392442994393,-0.10542951100019796,120
A04,10,0.01793143288805138,0.05300881019512346,,0.33827269131388615,0.3739366157438301,-0.03566392442994393,-0.10542951100019796,120
A04,11,0.003131900887274243,0.009258509385163833,,0.33827269131388615,0.3739366157438301,-0.03566392442994393,-0.10542951100019796,120
A04,12,0.0018247638882515212,0.005394357673875326,,0.33827269131388615,0.3739366157438301,-0.03566392442994393,-0.10542951100019796,120
A04,13,0.009756852591366832,0.0288431577301443,,0.33827269131388615,0.3739366157438301,-0.03566392442994393,-0.10542951100019796,120
A04,14,0.0018228387638653243,0.005388666631010708,,0.33827269131388615,0.3739366157438301,-0.03566392442994393,-0.10542951100019796,120
A04,15,-0.00897551507334742,-0.026533371755448513,,0.33827269131388615,0.3739366157438301,-0.03566392442994393,-0.10542951100019796,120
A04,16,-0.006753951112240708,-0.019965995735593267,,0.33827269131388615,0.3739366157438301,-0.03566392442994393,-0.10542951100019796,120
A04,17,0.006933704356864417,0.020497381358019744,,0.33827269131388615,0.3739366157438301,-0.03566392442994393,-0.10542951100019796,120
A04,18,0.014179887729013942,0.04191851158288241,,0.33827269131388615,0.3739366157438301,-0.03566392442994393,-0.10542951100019796,120
A04,19,-0.018901507520237427,-0.055876539861441414,,0.33827269131388615,0.3739366157438301,-0.03566392442994393,-0.10542951100019796,120
A04,20,0.003588287378382642,0.010607676796035064,,0.33827269131388615,0.3739366157438301,-0.03566392442994393,-0.10542951100019796,120
A04,21,0.0006032043848135105,0.0017831897173567343,,0.33827269131388615,0.3739366157438301,-0.03566392442994393,-0.10542951100019796,120
A04,22,0.009731917481146702,0.028769444684839697,,0.33827269131388615,0.3739366157438301,-0.03566392442994393,-0.10542951100019796,120
A04,23,-0.0019635343439840555,-0.00580459018538412,,0.33827269131388615,0.3739366157438301,-0.03566392442994393,-0.10542951100019796,120
A04,24,-0.010714348106241963,-0.03167370107420237,,0.33827269131388615,0.3739366157438301,-0.03566392442994393,-0.10542951100019796,120
A04,25,0.007518003065939758,0.022224682213450503,,0.33827269131388615,0.3739366157438301,-0.03566392442994393,-0.10542951100019796,120
A04,26,0.0038073080414628233,0.01125514456007325,,0.33827269131388615,0.3739366157438301,-0.03566392442994393,-0.10542951100019796,120
A04,27,-0.005673043895208612,-0.016770623348795678,,0.33827269131388615,0.3739366157438301,-0.03566392442994393,-0.10542951100019796,120
A04,28,0.01652147938540811,0.0488407128616767,,0.33827269131388615,0.3739366157438301,-0.03566392442994393,-0.10542951100019796,120
A04,29,0.008001363309898668,0.023653589294543833,,0.33827269131388615,0.3739366157438301,-0.03566392442994393,-0.10542951100019796,120
A04,30,0.017371194426951956,0.051352636121705354,,0.33827269131388615,0.3739366157438301,-0.03566392442994393,-0.10542951100019796,120
A04,31,-0.01182045585449922,-0.03494357114252217,,0.33827269131388615,0.3739366157438301,-0.03566392442994393,-0.10542951100019796,120
A04,32,0.009092784484209247,0.02688004298807548,,0.33827269131388615,0.3739366157438301,-0.03566392442994393,-0.10542951100019796,120
A04,33,-0.01623387403433325,-0.04799049539375822,,0.33827269131388615,0.3739366157438301,-0.03566392442994393,-0.10542951100019796,120
A04,34,0.0035431769329507443,0.010474321527962184,,0.33827269131388615,0.3739366157438301,-0.03566392442994393,-0.10542951100019796,120
A04,35,0.000660761506633476,0.0019533397865107286,,0.33827269131388615,0.3739366157438301,-0.03566392442994393,-0.10542951100019796,120
A04,36,-0.0015371083249234893,-0.004543991768750831,,0.33827269131388615,0.3739366157438301,-0.03566392442994393,-0.10542951100019796,120
A04,37,-0.01311123391724698,-0.03875936265006078,,0.33827269131388615,0.3739366157438301,-0.03566392442994393,-0.10542951100019796,120
A04,38,0.012732288211037128,0.03763912529144343,,0.33827269131388615,0.3739366157438301,-0.03566392442994393,-0.10542951100019796,120
A04,39,-0.008352659866571419,-0.024692090378708443,,0.33827269131388615,0.3739366157438301,-0.03566392442994393,-0.10542951100019796,120
A04,40,-0.0053993583889452666,-0.015961555654917338,,0.33827269131388615,0.3739366157438301,-0.03566392442994393,-0.10542951100019796,120
A04,41,0.021148660550490948,0.0625195621566357,,0.33827269131388615,0.3739366157438301,-0.03566392442994393,-0.10542951100019796,120
A04,42,0.0057708665396079,0.01705980614986465,,0.33827269131388615,0.3739366157438301,-0.03566392442994393,-0.10542951100019796,120
A04,43,0.014733429567641555,0.04355488913519855,,0.33827269131388615,0.3739366157438301,-0.03566392442994393,-0.10542951100019796,120
A04,44,-0.022601904447719697,-0.06681563433315163,,0.33827269131388615,0.3739366157438301,-0.03566392442994393,-0.10542951100019796,120
A04,45,0.01001690451565334,0.029611921898710314,,0.33827269131388615,0.3739366157438301,-0.03566392442994393,-0.10542951100019796,120
A04,46,0.0037978066079387375,0.011227056470883486,,0.33827269131388615,0.3739366157438301,-0.03566392442994393,-0.10542951100019796,120
A04,47,0.0008298886899198713,0.0024533127007577756,,0.33827269131388615,0.3739366157438301,-0.03566392442994393,-0.10542951100019796,120
A04,48,-0.004989991708609135,-0.014751387968172927,,0.33827269131388615,0.3739366157438301,-0.03566392442994393,-0.10542951100019796,120
A04,49,0.0005745453650921967,0.0016984680698302987,,0.33827269131388615,0.3739366157438301,-0.03566392442994393,-0.10542951100019796,120
A04,50,0.01709191029509012,0.050527017799466376,,0.33827269131388615,0.3739366157438301,-0.03566392442994393,-0.10542951100019796,120
A04,51,-0.0009037051014263325,-0.0026715283989264646,,0.33827269131388615,0.3739366157438301,-0.03566392442994393,-0.10542951100019796,120
A04,52,0.002058637431154569,0.00608573344528229,,0.33827269131388615,0.3739366157438301,-0.03566392442994393,-0.10542951100019796,120
A04,53,-0.004308152342030285,-0.012735737919892309,,0.33827269131388615,0.3739366157438301,-0.03566392442994393,-0.10542951100019796,120
A04,54,0.0063104678551376674,0.018654972799096364,,0.33827269131388615,0.3739366157438301,-0.03566392442994393,-0.10542951100019796,120
A04,55,-0.0034925921751554193,-0.010324783125678368,,0.33827269131388615,0.3739366157438301,-0.03566392442994393,-0.10542951100019796,120
A04,56,0.0033868280058708795,0.01001212362935976,,0.33827269131388615,0.3739366157438301,-0.03566392442994393,-0.10542951100019796,120
A04,57,-0.015096717005031101,-0.04462883759961199,,0.33827269131388615,0.3739366157438301,-0.03566392442994393,-0.10542951100019796,120
A04,58,0.0037253049314862397,0.011012727385757242,,0.33827269131388615,0.3739366157438301,-0.03566392442994393,-0.10542951100019796,120
A04,59,-0.0020857382769477687,-0.006165848827011561,,0.33827269131388615,0.3739366157438301,-0.03566392442994393,-0.10542951100019796,120
A04,60,0.014712955463872345,0.04349436369434879,,0.33827269131388615,0.3739366157438301,-0.03566392442994393,-0.10542951100019796,120
A04,61,-0.005059688484316989,-0.014957425220063244,,0.33827269131388615,0.3739366157438301,-0.03566392442994393,-0.10542951100019796,120
A04,62,-0.006781967778915574,-0.020048818462329043,,0.33827269131388615,0.3739366157438301,-0.03566392442994393,-0.10542951100019796,120
A04,63,0.0075693488495360214,0.022376470356314862,,0.33827269131388615,0.3739366157438301,-0.03566392442994393,-0.10542951100019796,120
A04,64,0.0032731716422091583,0.009676133268387172,,0.33827269131388615,0.3739366157438301,-0.03566392442994393,-0.10542951100019796,120
A04,65,-0.010161255160049978,-0.03003865053540861,,0.33827269131388615,0.3739366157438301,-0.03566392442994393,-0.10542951100019796,120
A04,66,-0.0032481540671789816,-0.009602176441032869,,0.33827269131388615,0.3739366157438301,-0.03566392442994393,-0.10542951100019796,120
A04,67,0.006368758541504699,0.018827291428012653,,0.33827269131388615,0.3739366157438301,-0.03566392442994393,-0.10542951100019796,120
A04,68,-0.008216437873898808,-0.02428939162066353,,0.33827269131388615,0.3739366157438301,-0.03566392442994393,-0.10542951100019796,120
A04,69,0.0025796999433718363,0.007626095778976466,,0.33827269131388615,0.3739366157438301,-0.03566392442994393,-0.10542951100019796,120
A04,70,0.005671971654673596,0.016767453596809933,,0.33827269131388615,0.3739366157438301,-0.03566392442994393,-0.10542951100019796,120
A04,71,0.0048021850118688345,0.014196194771787964,,0.33827269131388615,0.3739366157438301,-0.03566392442994393,-0.10542951100019796,120
A04,72,0.018868399795265972,0.05577866697420698,,0.33827269131388615,0.3739366157438301,-0.03566392442994393,-0.10542951100019796,120
A04,73,0.0003833791616607409,0.0011333435169468057,,0.33827269131388615,0.3739366157438301,-0.03566392442994393,-0.10542951100019796,120
A04,74,0.0024484724711258806,0.007238161796672856,,0.33827269131388615,0.3739366157438301,-0.03566392442994393,-0.10542951100019796,120
A04,75,0.012341035635995921,0.03648250643012908,,0.33827269131388615,0.3739366157438301,-0.03566392442994393,-0.10542951100019796,120
A04,76,0.00827062010795378,0.024449564863867183,,0.33827269131388615,0.3739366157438301,-0.03566392442994393,-0.10542951100019796,120
A04,77,-0.006529293749657948,-0.019301864789313897,,0.33827269131388615,0.3739366157438301,-0.03566392442994393,-0.10542951100019796,120
A04,78,0.0007142654460649365,0.0021115078586174236,,0.33827269131388615,0.3739366157438301,-0.03566392442994393,-0.10542951100019796,120
A04,79,-0.007842911204217554,-0.02318517399011689,,0.33827269131388615,0.3739366157438301,-0.03566392442994393,-0.10542951100019796,120
A04,80,-0.002919001335301188,-0.008629136818474718,,0.33827269131388615,0.3739366157438301,-0.03566392442994393,-0.10542951100019796,120
A04,81,0.005953699150399201,0.017600294978806646,,0.33827269131388615,0.3739366157438301,-0.03566392442994393,-0.10542951100019796,120
A04,82,-0.01207676839074411,-0.035701280951284275,,0.33827269131388615,0.3739366157438301,-0.03566392442994393,-0.10542951100019796,120
A04,83,0.011029681458051712,0.03260588791608122,,0.33827269131388615,0.3739366157438301,-0.03566392442994393,-0.10542951100019796,120
A04,84,-0.005575555413561017,-0.016482428397944223,,0.33827269131388615,0.3739366157438301,-0.03566392442994393,-0.10542951100019796,120
A04,85,0.0002744951348602323,0.0008114611137956917,,0.33827269131388615,0.3739366157438301,-0.03566392442994393,-0.10542951100019796,120
A04,86,-0.0083096371918318,-0.024564906967678383,,0.33827269131388615,0.3739366157438301,-0.03566392442994393,-0.10542951100019796,120
A04,87,0.008469738584585298,0.025038197886113587,,0.33827269131388615,0.3739366157438301,-0.03566392442994393,-0.10542951100019796,120
A04,88,-0.008952989765901852,-0.026466782556781372,,0.33827269131388615,0.3739366157438301,-0.03566392442994393,-0.10542951100019796,120
A04,89,-0.0053197897927514245,-0.01572633537779479,,0.33827269131388615,0.3739366157438301,-0.03566392442994393,-0.10542951100019796,120
A04,90,-0.002317280328071406,-0.006850332254344415,,0.33827269131388615,0.3739366157438301,-0.03566392442994393,-0.10542951100019796,120
A04,91,-0.00047991508576809285,-0.0014187225220695556,,0.33827269131388615,0.3739366157438301,-0.03566392442994393,-0.10542951100019796,120
A04,92,-0.008888220209727403,-0.026275311126075934,,0.33827269131388615,0.3739366157438301,-0.03566392442994393,-0.10542951100019796,120
A04,93,-0.02021257725840168,-0.059752317516066515,,0.33827269131388615,0.3739366157438301,-0.03566392442994393,-0.10542951100019796,120
A04,94,-0.0019950885831194563,-0.005897870665735167,,0.33827269131388615,0.3739366157438301,-0.03566392442994393,-0.10542951100019796,120
A04,95,0.004783869720522279,0.014142051201181016,,0.33827269131388615,0.3739366157438301,-0.03566392442994393,-0.10542951100019796,120
A04,96,-0.006958270196492931,-0.020570002767490006,,0.33827269131388615,0.3739366157438301,-0.03566392442994393,-0.10542951100019796,120
A04,97,-0.006530220658263295,-0.019304604911792443,,0.33827269131388615,0.3739366157438301,-0.03566392442994393,-0.10542951100019796,120
A04,98,0.004992773479546506,0.014759611425190892,,0.33827269131388615,0.3739366157438301,-0.03566392442994393,-0.10542951100019796,120
A04,99,-8.675173601850002e-05,-0.000256455038334745,,0.33827269131388615,0.3739366157438301,-0.03566392442994393,-0.10542951100019796,120
A04,100,-0.005266313525489425,-0.015568249110013931,,0.33827269131388615,0.3739366157438301,-0.03566392442994393,-0.10542951100019796,120
A04,101,0.011005633232580513,0.03253479667493552,,0.33827269131388615,0.3739366157438301,-0.03566392442994393,-0.10542951100019796,120
A04,102,-0.0012443724667038135,-0.0036786075218503216,,0.33827269131388615,0.3739366157438301,-0.03566392442994393,-0.10542951100019796,120
A04,103,0.0028787299975892066,0.008510086895894319,,0.33827269131388615,0.3739366157438301,-0.03566392442994393,-0.10542951100019796,120
A04,104,0.003607219832472833,0.010663644819988329,,0.33827269131388615,0.3739366157438301,-0.03566392442994393,-0.10542951100019796,120
A04,105,0.0011748707885314341,0.0034731470162965693,,0.33827269131388615,0.3739366157438301,-0.03566392442994393,-0.10542951100019796,120
A04,106,-0.008944209619690148,-0.02644082673345552,,0.33827269131388615,0.3739366157438301,-0.03566392442994393,-0.10542951100019796,120
A04,107,-0.002744988862931315,-0.00811472203762442,,0.33827269131388615,0.3739366157438301,-0.03566392442994393,-0.10542951100019796,120
A04,108,0.0040527488331017335,0.011980715373033624,,0.33827269131388615,0.3739366157438301,-0.03566392442994393,-0.10542951100019796,120
A04,109,-0.006435710435943726,-0.019025214275934486,,0.33827269131388615,0.3739366157438301,-0.03566392442994393,-0.10542951100019796,120
A04,110,-0.015489517513783932,-0.04579003245464788,,0.33827269131388615,0.3739366157438301,-0.03566392442994393,-0.10542951100019796,120
A04,111,-0.0031123347032719897,-0.009200667932085677,,0.33827269131388615,0.3739366157438301,-0.03566392442994393,-0.10542951100019796,120
A04,112,0.004826719638445372,0.014268723909393613,,0.33827269131388615,0.3739366157438301,-0.03566392442994393,-0.10542951100019796,120
A04,113,0.004849569117019252,0.014336271421092324,,0.33827269131388615,0.3739366157438301,-0.03566392442994393,-0.10542951100019796,120
A04,114,0.0069622745791210455,0.020581840502935222,,0.33827269131388615,0.3739366157438301,-0.03566392442994393,-0.10542951100019796,120
A04,115,0.007841244090485375,0.023180245677028113,,0.33827269131388615,0.3739366157438301,-0.03566392442994393,-0.10542951100019796,120
A04,116,-0.016572206884976917,-0.04899067323646124,,0.33827269131388615,0.3739366157438301,-0.03566392442994393,-0.10542951100019796,120
A04,117,-0.001407719698114281,-0.004161493771922741,,0.33827269131388615,0.3739366157438301,-0.03566392442994393,-0.10542951100019796,120
A04,118,-0.01525404092114105,-0.045093917755798664,,0.33827269131388615,0.3739366157438301,-0.03566392442994393,-0.10542951100019796,120
A04,119,0.007037164071879409,0.020803228438412615,,0.33827269131388615,0.3739366157438301,-0.03566392442994393,-0.10542951100019796,120
A04,120,0.0007081967140939791,0.002093567504202807,,0.33827269131388615,0.3739366157438301,-0.03566392442994393,-0.10542951100019796,120
A08,0,0.0877360469468204,1.0,2.3173510320076836,0.0877360469468204,0.049875556354331906,0.03786049059248849,0.43152719902501346,120
A08,1,0.008900342523497163,0.10144453543583908,0.2350825988837817,0.0877360469468204,0.049875556354331906,0.03786049059248849,0.43152719902501346,120
A08,2,0.0012988073623773399,0.014803577407181204,0.03430508538193699,0.0877360469468204,0.049875556354331906,0.03786049059248849,0.43152719902501346,120
A08,3,-0.0025688131591977757,-0.02927887964629652,-0.067849441964374,0.0877360469468204,0.049875556354331906,0.03786049059248849,0.43152719902501346,120
A08,4,-0.004605987713870662,-0.05249823617722938,-0.12165684178388561,0.0877360469468204,0.049875556354331906,0.03786049059248849,0.43152719902501346,120
A08,5,-0.0006131639969574536,-0.006988735169811237,-0.016195352658190464,0.0877360469468204,0.049875556354331906,0.03786049059248849,0.43152719902501346,120
A08,6,0.001307303921330974,0.014900419688652857,0.034529502942847304,0.0877360469468204,0.049875556354331906,0.03786049059248849,0.43152719902501346,120
A08,7,-0.0003443172757238182,-0.003924467624265313,-0.009094369099171964,0.0877360469468204,0.049875556354331906,0.03786049059248849,0.43152719902501346,120
A08,8,0.004922641060977441,0.05610739521876578,0.13002053021346985,0.0877360469468204,0.049875556354331906,0.03786049059248849,0.43152719902501346,120
A08,9,-0.0004133756414154115,-0.0047115827051789965,-0.0109183910442361,0.0877360469468204,0.049875556354331906,0.03786049059248849,0.43152719902501346,120
A08,10,0.0006704733231325792,0.007641936769033762,0.01770905005825785,0.0877360469468204,0.049875556354331906,0.03786049059248849,0.43152719902501346,120
A08,11,0.004464086654996883,0.05088087291763564,0.11790884336513474,0.0877360469468204,0.049875556354331906,0.03786049059248849,0.43152719902501346,120
A08,12,-0.0024464670554598337,-0.02788440031886455,-0.06461794385583614,0.0877360469468204,0.049875556354331906,0.03786049059248849,0.43152719902501346,120
A08,13,-0.0029467628033560695,-0.03358668307841811,-0.07783213469348721,0.0877360469468204,0.049875556354331906,0.03786049059248849,0.43152719902501346,120
A08,14,-0.002433698917870579,-0.0277388713369514,-0.06428070211941268,0.0877360469468204,0.049875556354331906,0.03786049059248849,0.43152719902501346,120
A08,15,-0.0031059569219650356,-0.035401149585046324,-0.08203689052516547,0.0877360469468204,0.049875556354331906,0.03786049059248849,0.43152719902501346,120
A08,16,0.00213422466979604,0.024325516638442363,0.056370761086214485,0.0877360469468204,0.049875556354331906,0.03786049059248849,0.43152719902501346,120
A08,17,-0.0004364800741356892,-0.0049749229572681065,-0.011528642849183963,0.0877360469468204,0.049875556354331906,0.03786049059248849,0.43152719902501346,120
A08,18,0.0021590290998881904,0.024608233160958875,0.057025914511433747,0.0877360469468204,0.049875556354331906,0.03786049059248849,0.43152719902501346,120
A08,19,0.003643730904517926,0.04153060265783922,0.09624098492904476,0.0877360469468204,0.049875556354331906,0.03786049059248849,0.43152719902501346,120
A08,20,-0.0003958812719322632,-0.0045121849651172385,-0.010456316485523986,0.0877360469468204,0.049875556354331906,0.03786049059248849,0.43152719902501346,120
A08,21,-0.0009724443909704085,-0.01108374977915107,-0.025684938989230667,0.0877360469468204,0.049875556354331906,0.03786049059248849,0.43152719902501346,120
A08,22,-0.0001385527197685367,-0.0015791994806025156,-0.0036595595461202373,0.0877360469468204,0.049875556354331906,0.03786049059248849,0.43152719902501346,120
A08,23,0.0015645761466302635,0.017832763169494094,0.04132477213437574,0.0877360469468204,0.049875556354331906,0.03786049059248849,0.43152719902501346,120
A08,24,0.0035840364042165488,0.04085021526430233,0.09466428850046704,0.0877360469468204,0.049875556354331906,0.03786049059248849,0.43152719902501346,120
A08,25,0.0028016479760287778,0.03193268985240406,0.07399925178424982,0.0877360469468204,0.049875556354331906,0.03786049059248849,0.43152719902501346,120
A08,26,0.001506494168104178,0.017170755014951973,0.03979066685425006,0.0877360469468204,0.049875556354331906,0.03786049059248849,0.43152719902501346,120
A08,27,-0.00012002587106791355,-0.0013680337243899882,-0.0031702143630364535,0.0877360469468204,0.049875556354331906,0.03786049059248849,0.43152719902501346,120
A08,28,0.0034414396482886004,0.03922492257229877,0.09089791480333805,0.0877360469468204,0.049875556354331906,0.03786049059248849,0.43152719902501346,120
A08,29,0.004467145918155845,0.05091574185993956,0.11798964694456773,0.0877360469468204,0.049875556354331906,0.03786049059248849,0.43152719902501346,120
A08,30,-0.0011165691141137002,-0.012726457972177481,-0.029491670515627896,0.0877360469468204,0.049875556354331906,0.03786049059248849,0.43152719902501346,120
A08,31,-0.0003126647140894529,-0.0035636973053842845,-0.008258337628395273,0.0877360469468204,0.049875556354331906,0.03786049059248849,0.43152719902501346,120
A08,32,0.0030311387840780903,0.03454838563578502,0.08006073710728585,0.0877360469468204,0.049875556354331906,0.03786049059248849,0.43152719902501346,120
A08,33,0.000298520205124413,0.0034024806851094573,0.007884742127024611,0.0877360469468204,0.049875556354331906,0.03786049059248849,0.43152719902501346,120
A08,34,0.00159663019222416,0.018198109531786043,0.04217140790407324,0.0877360469468204,0.049875556354331906,0.03786049059248849,0.43152719902501346,120
A08,35,0.006339303025025359,0.07225425860442301,0.16743848074390968,0.0877360469468204,0.049875556354331906,0.03786049059248849,0.43152719902501346,120
A08,36,0.0024005644360851467,0.02736121035337055,0.06340552904936256,0.0877360469468204,0.049875556354331906,0.03786049059248849,0.43152719902501346,120
A08,37,0.0012444178105394518,0.014183654881256879,0.03286850727672144,0.0877360469468204,0.049875556354331906,0.03786049059248849,0.43152719902501346,120
A08,38,0.003135718098789979,0.03574036223321797,0.0828229653054761,0.0877360469468204,0.049875556354331906,0.03786049059248849,0.43152719902501346,120
A08,39,-0.00038498568619972916,-0.004387998999237807,-0.010168534009332415,0.0877360469468204,0.049875556354331906,0.03786049059248849,0.43152719902501346,120
A08,40,-0.0017537323531363778,-0.01998873227328524,-0.046320909362022836,0.0877360469468204,0.049875556354331906,0.03786049059248849,0.43152719902501346,120
A08,41,-0.003389898635201504,-0.03863746718901331,-0.08953657446462299,0.0877360469468204,0.049875556354331906,0.03786049059248849,0.43152719902501346,120
A08,42,-0.0014805130121544007,-0.016874626378503087,-0.039104432852968204,0.0877360469468204,0.049875556354331906,0.03786049059248849,0.43152719902501346,120
A08,43,0.0007294634488727126,0.008314295825464573,0.019267142011557502,0.0877360469468204,0.049875556354331906,0.03786049059248849,0.43152719902501346,120
A08,44,0.002065588913976352,0.02354321839036549,0.054557901433695745,0.0877360469468204,0.049875556354331906,0.03786049059248849,0.43152719902501346,120
A08,45,-0.0016579966461684502,-0.018897553558270237,-0.043792265240678,0.0877360469468204,0.049875556354331906,0.03786049059248849,0.43152719902501346,120
A08,46,0.002541567114675821,0.028968334032833113,0.06712979876652911,0.0877360469468204,0.049875556354331906,0.03786049059248849,0.43152719902501346,120
A08,47,0.004263778069907269,0.048597790968308394,0.11261814105370313,0.0877360469468204,0.049875556354331906,0.03786049059248849,0.43152719902501346,120
A08,48,-0.00028231598634214836,-0.003217787855352875,-0.007456744007383775,0.0877360469468204,0.049875556354331906,0.03786049059248849,0.43152719902501346,120
A08,49,0.005187941320015757,0.05913124081325812,0.13702784192249856,0.0877360469468204,0.049875556354331906,0.03786049059248849,0.43152719902501346,120
A08,50,0.0022764032472096882,0.02594604300544209,0.060126089535176966,0.0877360469468204,0.049875556354331906,0.03786049059248849,0.43152719902501346,120
A08,51,-0.0014944991198397506,-0.01703403756890955,-0.039473844539570195,0.0877360469468204,0.049875556354331906,0.03786049059248849,0.43152719902501346,120
A08,52,0.0037847245248635933,0.043137623093021674,0.09996501539297226,0.0877360469468204,0.049875556354331906,0.03786049059248849,0.43152719902501346,120
A08,53,0.001446048536568496,0.016481806359990116,0.0381941309776739,0.0877360469468204,0.049875556354331906,0.03786049059248849,0.43152719902501346,120
A08,54,0.001935791658326225,0.02206381214667182,0.051129597848113606,0.0877360469468204,0.049875556354331906,0.03786049059248849,0.43152719902501346,120
A08,55,-0.0006352030827679746,-0.00723993278558574,-0.016777465712343377,0.0877360469468204,0.049875556354331906,0.03786049059248849,0.43152719902501346,120
A08,56,-0.003524964997697514,-0.04017692978387899,-0.09310404969757222,0.0877360469468204,0.049875556354331906,0.03786049059248849,0.43152719902501346,120
A08,57,-0.0004585305251882522,-0.005226250112068329,-0.012111056090731811,0.0877360469468204,0.049875556354331906,0.03786049059248849,0.43152719902501346,120
A08,58,0.0029704053692414627,0.03385615687747956,0.07845660007984127,0.0877360469468204,0.049875556354331906,0.03786049059248849,0.43152719902501346,120
A08,59,-0.0003124603168425089,-0.0035613676215877498,-0.008252938933245121,0.0877360469468204,0.049875556354331906,0.03786049059248849,0.43152719902501346,120
A08,60,0.0019042572012605168,0.021704387962848924,0.050296685844803096,0.0877360469468204,0.049875556354331906,0.03786049059248849,0.43152719902501346,120
A08,61,0.004027020573225531,0.04589927074861757,0.106364722437709,0.0877360469468204,0.049875556354331906,0.03786049059248849,0.43152719902501346,120
A08,62,0.002054303704839455,0.023414591565592575,0.054259827928564354,0.0877360469468204,0.049875556354331906,0.03786049059248849,0.43152719902501346,120
A08,63,0.0025637880394752703,0.02922160421735508,0.06771671469000787,0.0877360469468204,0.049875556354331906,0.03786049059248849,0.43152719902501346,120
A08,64,-0.000325928450266809,-0.0037148750326574955,-0.008608669490708425,0.0877360469468204,0.049875556354331906,0.03786049059248849,0.43152719902501346,120
A08,65,-0.001308487056297826,-0.014913904852482602,-0.034560752801164954,0.0877360469468204,0.049875556354331906,0.03786049059248849,0.43152719902501346,120
A08,66,0.0012926627419743582,0.014733542106790863,0.03414278900630047,0.0877360469468204,0.049875556354331906,0.03786049059248849,0.43152719902501346,120
A08,67,0.001321334973709796,0.015060343150754205,0.0349001017427901,0.0877360469468204,0.049875556354331906,0.03786049059248849,0.43152719902501346,120
A08,68,-0.0008556256148597501,-0.009752269957847223,-0.022599432851234787,0.0877360469468204,0.049875556354331906,0.03786049059248849,0.43152719902501346,120
A08,69,0.0006917009985957259,0.007883886072676467,0.01826973152674781,0.0877360469468204,0.049875556354331906,0.03786049059248849,0.43152719902501346,120
A08,70,0.002929617821796884,0.03339126760033556,0.07737928843368234,0.0877360469468204,0.049875556354331906,0.03786049059248849,0.43152719902501346,120
A08,71,0.00300227325861081,0.03421938146393333,0.07929831895011048,0.0877360469468204,0.049875556354331906,0.03786049059248849,0.43152719902501346,120
A08,72,0.0002560203149344091,0.0029180744271461324,0.006762202785222319,0.0877360469468204,0.049875556354331906,0.03786049059248849,0.43152719902501346,120
A08,73,0.00011318699119983481,0.0012900853769767064,0.002989580679714992,0.0877360469468204,0.049875556354331906,0.03786049059248849,0.43152719902501346,120
A08,74,0.001038853141065997,0.011840665008484812,0.027438977277069544,0.0877360469468204,0.049875556354331906,0.03786049059248849,0.43152719902501346,120
A08,75,-0.0011044402564817865,-0.012588215390547773,-0.029171313926420885,0.0877360469468204,0.049875556354331906,0.03786049059248849,0.43152719902501346,120
A08,76,0.0006892555943436973,0.007856013786003795,0.018205141654462485,0.0877360469468204,0.049875556354331906,0.03786049059248849,0.43152719902501346,120
A08,77,0.0016005199941849643,0.01824244480897447,0.0422741483044202,0.0877360469468204,0.049875556354331906,0.03786049059248849,0.43152719902501346,120
A08,78,-0.0013998513889762504,-0.015955259413781713,-0.03697393686847736,0.0877360469468204,0.049875556354331906,0.03786049059248849,0.43152719902501346,120
A08,79,0.0020212667399848476,0.02303804206280232,0.05338723054967138,0.0877360469468204,0.049875556354331906,0.03786049059248849,0.43152719902501346,120
A08,80,-0.002524506496589526,-0.028773880114745878,-0.06667918077877172,0.0877360469468204,0.049875556354331906,0.03786049059248849,0.43152719902501346,120
A08,81,0.0023960760061929173,0.027310052020525326,0.06328697723394788,0.0877360469468204,0.049875556354331906,0.03786049059248849,0.43152719902501346,120
A08,82,0.001303599802084002,0.01485820079031091,0.034431666935204365,0.0877360469468204,0.049875556354331906,0.03786049059248849,0.43152719902501346,120
A08,83,-0.0013172740650856524,-0.015014057629973846,-0.034792841943442725,0.0877360469468204,0.049875556354331906,0.03786049059248849,0.43152719902501346,120
A08,84,0.0017119722238628234,0.019512757679867935,0.04521790914675781,0.0877360469468204,0.049875556354331906,0.03786049059248849,0.43152719902501346,120
A08,85,0.0005116145075647067,0.00583129198737222,0.013513150504875148,0.0877360469468204,0.049875556354331906,0.03786049059248849,0.43152719902501346,120
A08,86,-0.0005072816452475839,-0.00578190678632995,-0.013398707658273938,0.0877360469468204,0.049875556354331906,0.03786049059248849,0.43152719902501346,120
A08,87,-0.00011559398250222071,-0.0013175198396194656,-0.003053155960032766,0.0877360469468204,0.049875556354331906,0.03786049059248849,0.43152719902501346,120
A08,88,0.0014932811579104223,0.0170201554534996,0.039441674805098505,0.0877360469468204,0.049875556354331906,0.03786049059248849,0.43152719902501346,120
A08,89,0.0011961189184859923,0.013633152622102953,0.03159280029834853,0.0877360469468204,0.049875556354331906,0.03786049059248849,0.43152719902501346,120
A08,90,0.0010375659963757576,0.011825994360159162,0.02740498023503188,0.0877360469468204,0.049875556354331906,0.03786049059248849,0.43152719902501346,120
A08,91,-0.0009960334165495023,-0.011352613335237564,-0.026307990228396957,0.0877360469468204,0.049875556354331906,0.03786049059248849,0.43152719902501346,120
A08,92,0.0027453586595242835,0.031291114143635085,0.07251249565342298,0.0877360469468204,0.049875556354331906,0.03786049059248849,0.43152719902501346,120
A08,93,0.0005333865306540527,0.006079445669319421,0.014088209695832002,0.0877360469468204,0.049875556354331906,0.03786049059248849,0.43152719902501346,120
A08,94,0.000791997871317156,0.009027052151064101,0.020918848618255572,0.0877360469468204,0.049875556354331906,0.03786049059248849,0.43152719902501346,120
A08,95,0.005369670600810122,0.06120255912675038,0.14182781355388624,0.0877360469468204,0.049875556354331906,0.03786049059248849,0.43152719902501346,120
A08,96,0.0023029295103936826,0.026248384678073784,0.06082672132226895,0.0877360469468204,0.049875556354331906,0.03786049059248849,0.43152719902501346,120
A08,97,0.00033997039436900754,0.003874922636702271,0.008979555971111941,0.0877360469468204,0.049875556354331906,0.03786049059248849,0.43152719902501346,120
A08,98,0.0018224340658311157,0.020771782286199317,0.04813551111756291,0.0877360469468204,0.049875556354331906,0.03786049059248849,0.43152719902501346,120
A08,99,-0.0014103828825646452,-0.016075295521571914,-0.03725210266674317,0.0877360469468204,0.049875556354331906,0.03786049059248849,0.43152719902501346,120
A08,100,0.00011201314723127233,0.001276706110307968,0.0029585762222926843,0.0877360469468204,0.049875556354331906,0.03786049059248849,0.43152719902501346,120
A08,101,-0.0008678703554741808,-0.009891833353287784,-0.022922850229689467,0.0877360469468204,0.049875556354331906,0.03786049059248849,0.43152719902501346,120
A08,102,-0.0008640676901138522,-0.009848491243714126,-0.022822411347339564,0.0877360469468204,0.049875556354331906,0.03786049059248849,0.43152719902501346,120
A08,103,0.0010608298430066065,0.01209115158390495,0.028019442601123472,0.0877360469468204,0.049875556354331906,0.03786049059248849,0.43152719902501346,120
A08,104,0.0017387537297923882,0.019818008564328207,0.04592528259888308,0.0877360469468204,0.049875556354331906,0.03786049059248849,0.43152719902501346,120
A08,105,0.00017837888840180772,0.0020331311314940917,0.004711478525774783,0.0877360469468204,0.049875556354331906,0.03786049059248849,0.43152719902501346,120
A08,106,0.0007301211158754528,0.008321791798050832,0.019284512811366172,0.0877360469468204,0.049875556354331906,0.03786049059248849,0.43152719902501346,120
A08,107,0.0005527684987487746,0.006300357925674782,0.014600140941080243,0.0877360469468204,0.049875556354331906,0.03786049059248849,0.43152719902501346,120
A08,108,-0.0009021740452057999,-0.010282820762971418,-0.02382890530702185,0.0877360469468204,0.049875556354331906,0.03786049059248849,0.43152719902501346,120
A08,109,0.0010129572252183428,0.011545507923696725,0.026754994702031493,0.0877360469468204,0.049875556354331906,0.03786049059248849,0.43152719902501346,120
A08,110,0.002746020203274948,0.03129865430271093,0.07252996884883889,0.0877360469468204,0.049875556354331906,0.03786049059248849,0.43152719902501346,120
A08,111,-0.0029811612028428393,-0.03397874997319877,-0.0787406913167232,0.0877360469468204,0.049875556354331906,0.03786049059248849,0.43152719902501346,120
A08,112,0.00019354597341237712,0.002206002893311246,0.0051120830814267515,0.0877360469468204,0.049875556354331906,0.03786049059248849,0.43152719902501346,120
A08,113,-0.0011076846037937594,-0.012625193889407419,-0.029257006088915384,0.0877360469468204,0.049875556354331906,0.03786049059248849,0.43152719902501346,120
A08,114,9.932426123359803e-05,0.0011320804240679046,0.0026234277390294546,0.0877360469468204,0.049875556354331906,0.03786049059248849,0.43152719902501346,120
A08,115,-7.74855030535979e-05,-0.0008831661073191994,-0.0020466058902303555,0.0877360469468204,0.049875556354331906,0.03786049059248849,0.43152719902501346,120
A08,116,0.0014823185673147037,0.016895205777998912,0.03915212254562795,0.0877360469468204,0.049875556354331906,0.03786049059248849,0.43152719902501346,120
A08,117,-0.0005865534203196961,-0.006685432507293436,-0.015492493920194158,0.0877360469468204,0.049875556354331906,0.03786049059248849,0.43152719902501346,120
A08,118,0.00018762175290850132,0.002138479672126382,0.0049556080751295235,0.0877360469468204,0.049875556354331906,0.03786049059248849,0.43152719902501346,120
A08,119,-0.00041315970223562796,-0.004709121468466173,-0.010912687494799624,0.0877360469468204,0.049875556354331906,0.03786049059248849,0.43152719902501346,120
A08,120,0.0027576484454536424,0.031431190957636156,0.07283710280290871,0.0877360469468204,0.049875556354331906,0.03786049059248849,0.43152719902501346,120
A09,0,0.09056886528859613,1.0,3.910376381957641,0.09056886528859613,0.0674077021569656,0.02316116313163054,0.25572985879670557,120
A09,1,0.011027842603518963,0.12176196056314642,0.4761350948069855,0.09056886528859613,0.0674077021569656,0.02316116313163054,0.25572985879670557,120
A09,2,0.0033564867446398096,0.03706005075744763,0.14491874719607462,0.09056886528859613,0.0674077021569656,0.02316116313163054,0.25572985879670557,120
A09,3,0.0011236041430955955,0.01240607508458067,0.0485124230035374,0.09056886528859613,0.0674077021569656,0.02316116313163054,0.25572985879670557,120
A09,4,0.002109857863956668,0.023295619937752806,0.0910946420076501,0.09056886528859613,0.0674077021569656,0.02316116313163054,0.25572985879670557,120
A09,5,0.0005108162385884027,0.0056400865458642495,0.022054861221144615,0.09056886528859613,0.0674077021569656,0.02316116313163054,0.25572985879670557,120
A09,6,0.0007166173815818962,0.007912403222657226,0.030940474686404342,0.09056886528859613,0.0674077021569656,0.02316116313163054,0.25572985879670557,120
A09,7,-0.00046618001700561676,-0.005147243652883827,-0.02012766001241829,0.09056886528859613,0.0674077021569656,0.02316116313163054,0.25572985879670557,120
A09,8,0.0018628961657065379,0.020568836318865774,0.08043189174564527,0.09056886528859613,0.0674077021569656,0.02316116313163054,0.25572985879670557,120
A09,9,0.0016689846505714573,0.01842779685108416,0.0720596215779929,0.09056886528859613,0.0674077021569656,0.02316116313163054,0.25572985879670557,120
A09,10,-0.000943728532899981,-0.01042001056204918,-0.04074616320158628,0.09056886528859613,0.0674077021569656,0.02316116313163054,0.25572985879670557,120
A09,11,-0.0016801069333895581,-0.01855060155646122,-0.07253983419749262,0.09056886528859613,0.0674077021569656,0.02316116313163054,0.25572985879670557,120
A09,12,-0.0005505543129370218,-0.006078847418289827,-0.023770581374004722,0.09056886528859613,0.0674077021569656,0.02316116313163054,0.25572985879670557,120
A09,13,0.004983644932331372,0.055026028165982566,0.21517248093319416,0.09056886528859613,0.0674077021569656,0.02316116313163054,0.25572985879670557,120
A09,14,0.0010904494378080603,0.012040003309452558,0.047080944579975116,0.09056886528859613,0.0674077021569656,0.02316116313163054,0.25572985879670557,120
A09,15,-0.0002940541371522979,-0.0032467463980618443,-0.012696000433187079,0.09056886528859613,0.0674077021569656,0.02316116313163054,0.25572985879670557,120
A09,16,0.0006880841840800223,0.007597359002869848,0.029708533210075508,0.09056886528859613,0.0674077021569656,0.02316116313163054,0.25572985879670557,120
A09,17,0.004510508919494912,0.0498019811236704,0.19474449076070102,0.09056886528859613,0.0674077021569656,0.02316116313163054,0.25572985879670557,120
A09,18,0.0006108579733408538,0.006744679547373873,0.026374235605923543,0.09056886528859613,0.0674077021569656,0.02316116313163054,0.25572985879670557,120
A09,19,-0.00021812814074717406,-0.0024084230276277888,-0.009417840524998621,0.09056886528859613,0.0674077021569656,0.02316116313163054,0.25572985879670557,120
A09,20,0.0012631604727544694,0.013946961450046109,0.054537868654334,0.09056886528859613,0.0674077021569656,0.02316116313163054,0.25572985879670557,120
A09,21,0.0009695086852770313,0.010704657524279548,0.0418592399598879,0.09056886528859613,0.0674077021569656,0.02316116313163054,0.25572985879670557,120
A09,22,-0.0007435861819738397,-0.008210174430301352,-0.032104872184002944,0.09056886528859613,0.0674077021569656,0.02316116313163054,0.25572985879670557,120
A09,23,0.0023707348411422797,0.02617604663134482,0.10235819452023266,0.09056886528859613,0.0674077021569656,0.02316116313163054,0.25572985879670557,120
A09,24,-0.0031138892061083417,-0.034381453231041234,-0.13444442269204487,0.09056886528859613,0.0674077021569656,0.02316116313163054,0.25572985879670557,120
A09,25,-0.0028965184683793278,-0.03198139293398036,-0.1250592835911438,0.09056886528859613,0.0674077021569656,0.02316116313163054,0.25572985879670557,120
A09,26,-7.175486239419645e-05,-0.0007922685369365158,-0.0030980681750046864,0.09056886528859613,0.0674077021569656,0.02316116313163054,0.25572985879670557,120
A09,27,0.001598997328820982,0.017655044299448874,0.06903786825098075,0.09056886528859613,0.0674077021569656,0.02316116313163054,0.25572985879670557,120
A09,28,-6.524497918139001e-05,-0.0007203908205484082,-0.0028169992504515806,0.09056886528859613,0.0674077021569656,0.02316116313163054,0.25572985879670557,120
A09,29,-0.004392613902804309,-0.04850026428847618,-0.18965428799236086,0.09056886528859613,0.0674077021569656,0.02316116313163054,0.25572985879670557,120
A09,30,-0.0015606634541210963,-0.017231787647422423,-0.06738277543539006,0.09056886528859613,0.0674077021569656,0.02316116313163054,0.25572985879670557,120
A09,31,-5.822060623338126e-05,-0.0006428324573556519,-0.0025137168587993338,0.09056886528859613,0.0674077021569656,0.02316116313163054,0.25572985879670557,120
A09,32,0.0024832399230605953,0.027418251461446427,0.10721568294941568,0.09056886528859613,0.0674077021569656,0.02316116313163054,0.25572985879670557,120
A09,33,0.001766268074696422,0.01950193445692666,0.07625990390285194,0.09056886528859613,0.0674077021569656,0.02316116313163054,0.25572985879670557,120
A09,34,0.0030582282757675703,0.03376688297929513,0.13204122169456314,0.09056886528859613,0.0674077021569656,0.02316116313163054,0.25572985879670557,120
A09,35,-0.0012217939592284184,-0.013490220456391862,-0.05275183946007657,0.09056886528859613,0.0674077021569656,0.02316116313163054,0.25572985879670557,120
A09,36,0.0021632005343371116,0.02388459353492075,0.09339775045161226,0.09056886528859613,0.0674077021569656,0.02316116313163054,0.25572985879670557,120
A09,37,-0.0034701464699905347,-0.03831500437742013,-0.1498260881920673,0.09056886528859613,0.0674077021569656,0.02316116313163054,0.25572985879670557,120
A09,38,-0.0004437914310595231,-0.00490004406752132,-0.019161016592187025,0.09056886528859613,0.0674077021569656,0.02316116313163054,0.25572985879670557,120
A09,39,0.0010391369328841933,0.011473445422695771,0.04486549000058955,0.09056886528859613,0.0674077021569656,0.02316116313163054,0.25572985879670557,120
A09,40,-0.0028778272251118514,-0.0317750168994798,-0.12425227562003072,0.09056886528859613,0.0674077021569656,0.02316116313163054,0.25572985879670557,120
A09,41,-0.002745570631920477,-0.030314729274478192,-0.11854200138035942,0.09056886528859613,0.0674077021569656,0.02316116313163054,0.25572985879670557,120
A09,42,-0.00186660128718975,-0.020609745758013606,-0.08059186305028809,0.09056886528859613,0.0674077021569656,0.02316116313163054,0.25572985879670557,120
A09,43,5.645844293351946e-05,0.0006233758450391931,0.002437634181524147,0.09056886528859613,0.0674077021569656,0.02316116313163054,0.25572985879670557,120
A09,44,0.002275656492690684,0.025126255975928855,0.09825311793529423,0.09056886528859613,0.0674077021569656,0.02316116313163054,0.25572985879670557,120
A09,45,0.0007925003834599548,0.008750251876676007,0.034216778274734384,0.09056886528859613,0.0674077021569656,0.02316116313163054,0.25572985879670557,120
A09,46,-0.001499791246433771,-0.0165596780047394,-0.06475457376255639,0.09056886528859613,0.0674077021569656,0.02316116313163054,0.25572985879670557,120
A09,47,0.0008221053952127814,0.009077130342675231,0.03549499610794829,0.09056886528859613,0.0674077021569656,0.02316116313163054,0.25572985879670557,120
A09,48,0.001703104803978768,0.018804528449725563,0.07353278392365738,0.09056886528859613,0.0674077021569656,0.02316116313163054,0.25572985879670557,120
A09,49,0.000769958932902997,0.00850136446393069,0.03324353481416856,0.09056886528859613,0.0674077021569656,0.02316116313163054,0.25572985879670557,120
A09,50,0.004424402327395816,0.048851250518569866,0.19102677625691158,0.09056886528859613,0.0674077021569656,0.02316116313163054,0.25572985879670557,120
A09,51,-0.0009189621448440028,-0.010146556898065862,-0.03967685645238613,0.09056886528859613,0.0674077021569656,0.02316116313163054,0.25572985879670557,120
A09,52,-0.0015883178348331149,-0.01753712856810083,-0.06857677336005612,0.09056886528859613,0.0674077021569656,0.02316116313163054,0.25572985879670557,120
A09,53,0.0028853097183756263,0.03185763351656926,0.12457533768825459,0.09056886528859613,0.0674077021569656,0.02316116313163054,0.25572985879670557,120
A09,54,-0.0018886781253780204,-0.02085350323601582,-0.08154504653519351,0.09056886528859613,0.0674077021569656,0.02316116313163054,0.25572985879670557,120
A09,55,0.00012308187171859847,0.0013589865714492525,0.005314148992392747,0.09056886528859613,0.0674077021569656,0.02316116313163054,0.25572985879670557,120
A09,56,0.0012039846034958863,0.01329358162608541,0.051982907622270445,0.09056886528859613,0.0674077021569656,0.02316116313163054,0.25572985879670557,120
A09,57,0.0003122291909257033,0.00344742301817286,0.01348072154888028,0.09056886528859613,0.0674077021569656,0.02316116313163054,0.25572985879670557,120
A09,58,-0.0015683407577159675,-0.017316555228096064,-0.06771424858081196,0.09056886528859613,0.0674077021569656,0.02316116313163054,0.25572985879670557,120
A09,59,0.0005989871333940597,0.0066136097817434,0.025861703490013425,0.09056886528859613,0.0674077021569656,0.02316116313163054,0.25572985879670557,120
A09,60,0.0003996879490861198,0.004413083324081858,0.017256816802100814,0.09056886528859613,0.0674077021569656,0.02316116313163054,0.25572985879670557,120
A09,61,0.00012510520321852358,0.0013813268259448542,0.005401507795939272,0.09056886528859613,0.0674077021569656,0.02316116313163054,0.25572985879670557,120
A09,62,-0.0013649316436655915,-0.015070649712969907,-0.05893191269835423,0.09056886528859613,0.0674077021569656,0.02316116313163054,0.25572985879670557,120
A09,63,0.003106056016302374,0.034294964460523825,0.13410621904650905,0.09056886528859613,0.0674077021569656,0.02316116313163054,0.25572985879670557,120
A09,64,0.0010389976947875906,0.011471908050043934,0.04485947829488154,0.09056886528859613,0.0674077021569656,0.02316116313163054,0.25572985879670557,120
A09,65,0.0006678717997891176,0.0073741875606032565,0.028835848873108805,0.09056886528859613,0.0674077021569656,0.02316116313163054,0.25572985879670557,120
A09,66,0.0038961511075982615,0.04301865873204045,0.16821914708926683,0.09056886528859613,0.0674077021569656,0.02316116313163054,0.25572985879670557,120
A09,67,-0.0010217987508436357,-0.011282008972815234,-0.04411690142833088,0.09056886528859613,0.0674077021569656,0.02316116313163054,0.25572985879670557,120
A09,68,-0.001148039607320282,-0.012675874912002855,-0.04956744187654536,0.09056886528859613,0.0674077021569656,0.02316116313163054,0.25572985879670557,120
A09,69,-0.0011660093034059473,-0.0128742841117693,-0.05034329652527518,0.09056886528859613,0.0674077021569656,0.02316116313163054,0.25572985879670557,120
A09,70,-0.0010031738164231535,-0.011076365075642245,-0.0433127563897319,0.09056886528859613,0.0674077021569656,0.02316116313163054,0.25572985879670557,120
A09,71,0.00012986361875056007,0.0014338660237903156,0.005606955834321163,0.09056886528859613,0.0674077021569656,0.02316116313163054,0.25572985879670557,120
A09,72,-0.0013594734486708665,-0.015010384024785203,-0.05869625117463433,0.09056886528859613,0.0674077021569656,0.02316116313163054,0.25572985879670557,120
A09,73,-0.0005579207217177895,-0.006160182309229389,-0.024088631410563884,0.09056886528859613,0.0674077021569656,0.02316116313163054,0.25572985879670557,120
A09,74,-0.0017054066139656626,-0.01882994347485103,-0.07363216623765485,0.09056886528859613,0.0674077021569656,0.02316116313163054,0.25572985879670557,120
A09,75,-0.0037103579552244365,-0.04096725672118608,-0.16019739311612147,0.09056886528859613,0.0674077021569656,0.02316116313163054,0.25572985879670557,120
A09,76,0.0032429533301422085,0.03580649177626984,0.1400168597626861,0.09056886528859613,0.0674077021569656,0.02316116313163054,0.25572985879670557,120
A09,77,0.004664627795587645,0.05150365725267606,0.20139868490530585,0.09056886528859613,0.0674077021569656,0.02316116313163054,0.25572985879670557,120
A09,78,0.0022757769601160524,0.025127586095556438,0.09825831920367112,0.09056886528859613,0.0674077021569656,0.02316116313163054,0.25572985879670557,120
A09,79,-6.316303769637089e-05,-0.0006974034343380913,-0.0027271099183318187,0.09056886528859613,0.0674077021569656,0.02316116313163054,0.25572985879670557,120
A09,80,0.0009442433124453955,0.010425694408741684,0.040768389181451314,0.09056886528859613,0.0674077021569656,0.02316116313163054,0.25572985879670557,120
A09,81,0.00030406727921591063,0.0033573047232843814,0.013128325096966077,0.09056886528859613,0.0674077021569656,0.02316116313163054,0.25572985879670557,120
A09,82,-0.0032980015479272345,-0.036414296871427165,-0.1423936064516228,0.09056886528859613,0.0674077021569656,0.02316116313163054,0.25572985879670557,120
A09,83,0.0028651264198716535,0.03163478321984026,0.12370390915121324,0.09056886528859613,0.0674077021569656,0.02316116313163054,0.25572985879670557,120
A09,84,0.0005630605080939178,0.006216932345345558,0.024310545411467793,0.09056886528859613,0.0674077021569656,0.02316116313163054,0.25572985879670557,120
A09,85,-0.002465226941870424,-0.027219364336905635,-0.1064379594349359,0.09056886528859613,0.0674077021569656,0.02316116313163054,0.25572985879670557,120
A09,86,-0.0012252748690037174,-0.013528654301888404,-0.05290213026177405,0.09056886528859613,0.0674077021569656,0.02316116313163054,0.25572985879670557,120
A09,87,0.0005561685068820461,0.0061408355411081365,0.024012978265435327,0.09056886528859613,0.0674077021569656,0.02316116313163054,0.25572985879670557,120
A09,88,-0.0014642349120639567,-0.016167089069717252,-0.06321940326322788,0.09056886528859613,0.0674077021569656,0.02316116313163054,0.25572985879670557,120
A09,89,0.002332322649125317,0.02575192525260652,0.1006997202977311,0.09056886528859613,0.0674077021569656,0.02316116313163054,0.25572985879670557,120
A09,90,0.002279866825624459,0.02517274361735352,0.09843490211037416,0.09056886528859613,0.0674077021569656,0.02316116313163054,0.25572985879670557,120
A09,91,0.0016681751537066148,0.01841885893558458,0.07202467096431939,0.09056886528859613,0.0674077021569656,0.02316116313163054,0.25572985879670557,120
A09,92,0.0016572110441305445,0.018297800671896132,0.07155128758915129,0.09056886528859613,0.0674077021569656,0.02316116313163054,0.25572985879670557,120
A09,93,0.0006451958020403498,0.007123814568996139,0.027856796240048255,0.09056886528859613,0.0674077021569656,0.02316116313163054,0.25572985879670557,120
A09,94,0.00270111593445684,0.02982389064773839,0.11662263760700356,0.09056886528859613,0.0674077021569656,0.02316116313163054,0.25572985879670557,120
A09,95,0.0016490640654394301,0.018207847257274517,0.07119953588113848,0.09056886528859613,0.0674077021569656,0.02316116313163054,0.25572985879670557,120
A09,96,0.00225568289890688,0.02490572109652898,0.09739074355149109,0.09056886528859613,0.0674077021569656,0.02316116313163054,0.25572985879670557,120
A09,97,0.0021045122049323166,0.02323659679544758,0.09086383930599083,0.09056886528859613,0.0674077021569656,0.02316116313163054,0.25572985879670557,120
A09,98,0.00240681000474004,0.026574364126908088,0.10391576584740377,0.09056886528859613,0.0674077021569656,0.02316116313163054,0.25572985879670557,120
A09,99,0.0014648732409040922,0.01617413706394906,0.06324696357341211,0.09056886528859613,0.0674077021569656,0.02316116313163054,0.25572985879670557,120
A09,100,0.003712007675434731,0.040985471813149946,0.16026862098153216,0.09056886528859613,0.0674077021569656,0.02316116313163054,0.25572985879670557,120
A09,101,0.00046567255647973874,0.005141640617842358,0.02010575003652485,0.09056886528859613,0.0674077021569656,0.02316116313163054,0.25572985879670557,120
A09,102,0.0022776511461358533,0.025148279586789092,0.09833923854304753,0.09056886528859613,0.0674077021569656,0.02316116313163054,0.25572985879670557,120
A09,103,-0.0021116207949073893,-0.023315085025949547,-0.09117075782880736,0.09056886528859613,0.0674077021569656,0.02316116313163054,0.25572985879670557,120
A09,104,0.0030603789106356475,0.0337906288312634,0.13213407691326934,0.09056886528859613,0.0674077021569656,0.02316116313163054,0.25572985879670557,120
A09,105,0.0009370067492172596,0.010345793184352081,0.04045594532070871,0.09056886528859613,0.0674077021569656,0.02316116313163054,0.25572985879670557,120
A09,106,-0.0017945915058144844,-0.019814662578536778,-0.07748278856357012,0.09056886528859613,0.0674077021569656,0.02316116313163054,0.25572985879670557,120
A09,107,-0.001425188940221459,-0.015735969923881887,-0.06153356513754352,0.09056886528859613,0.0674077021569656,0.02316116313163054,0.25572985879670557,120
A09,108,-0.0015423195364290495,-0.017029246546420504,-0.06659076349765647,0.09056886528859613,0.0674077021569656,0.02316116313163054,0.25572985879670557,120
A09,109,0.0012311459496494935,0.013593478793473541,0.053155618422640986,0.09056886528859613,0.0674077021569656,0.02316116313163054,0.25572985879670557,120
A09,110,0.000773669711633201,0.008542336366563893,0.0334037503745493,0.09056886528859613,0.0674077021569656,0.02316116313163054,0.25572985879670557,120
A09,111,0.0017368462316264765,0.019177078415325684,0.07498959451023922,0.09056886528859613,0.0674077021569656,0.02316116313163054,0.25572985879670557,120
A09,112,-0.0002919969490114663,-0.00322403232149396,-0.012607179844638045,0.09056886528859613,0.0674077021569656,0.02316116313163054,0.25572985879670557,120
A09,113,0.0023054757467691734,0.025455499960420333,0.09954058583615134,0.09056886528859613,0.0674077021569656,0.02316116313163054,0.25572985879670557,120
A09,114,0.0012560072610483962,0.013867980536646347,0.054229023555950134,0.09056886528859613,0.0674077021569656,0.02316116313163054,0.25572985879670557,120
A09,115,0.0014425800055906262,0.015927990275619218,0.06228443698583237,0.09056886528859613,0.0674077021569656,0.02316116313163054,0.25572985879670557,120
A09,116,0.000718404486459093,0.0079321352229589,0.03101763423435279,0.09056886528859613,0.0674077021569656,0.02316116313163054,0.25572985879670557,120
A09,117,2.8836509681408518e-05,0.00031839318721197925,0.0012450371994499412,0.09056886528859613,0.0674077021569656,0.02316116313163054,0.25572985879670557,120
A09,118,-0.0037661661098832605,-0.04158345252402619,-0.16260695063020886,0.09056886528859613,0.0674077021569656,0.02316116313163054,0.25572985879670557,120
A09,119,-0.002652747892210813,-0.02928984352136772,-0.11453431233719136,0.09056886528859613,0.0674077021569656,0.02316116313163054,0.25572985879670557,120
A09,120,-0.0048273373244520695,-0.053300185544666395,-0.20842378670782352,0.09056886528859613,0.0674077021569656,0.02316116313163054,0.25572985879670557,120
A10,0,0.3538413063231695,1.0,,0.3538413063231695,0.39075916504511854,-0.036917858721949026,-0.10433450832965017,120
A10,1,-0.02706649316127508,-0.07649331120362407,,0.3538413063231695,0.39075916504511854,-0.036917858721949026,-0.10433450832965017,120
A10,2,-0.008544888543177987,-0.02414892888557728,,0.3538413063231695,0.39075916504511854,-0.036917858721949026,-0.10433450832965017,120
A10,3,-0.014900050825056063,-0.042109416167053104,,0.3538413063231695,0.39075916504511854,-0.036917858721949026,-0.10433450832965017,120
A10,4,0.007780658799720638,0.021989119587452644,,0.3538413063231695,0.39075916504511854,-0.036917858721949026,-0.10433450832965017,120
A10,5,-0.02624769422361674,-0.07417928250480813,,0.3538413063231695,0.39075916504511854,-0.036917858721949026,-0.10433450832965017,120
A10,6,-0.011856991046487415,-0.03350934680208934,,0.3538413063231695,0.39075916504511854,-0.036917858721949026,-0.10433450832965017,120
A10,7,0.000516572763079786,0.0014598995477593873,,0.3538413063231695,0.39075916504511854,-0.036917858721949026,-0.10433450832965017,120
A10,8,0.004244867889813664,0.01199653012228242,,0.3538413063231695,0.39075916504511854,-0.036917858721949026,-0.10433450832965017,120
A10,9,-0.002990188787740491,-0.008450649300422542,,0.3538413063231695,0.39075916504511854,-0.036917858721949026,-0.10433450832965017,120
A10,10,0.01639943996275027,0.04634687830304462,,0.3538413063231695,0.39075916504511854,-0.036917858721949026,-0.10433450832965017,120
A10,11,-0.008518096771552469,-0.02407321197195881,,0.3538413063231695,0.39075916504511854,-0.036917858721949026,-0.10433450832965017,120
A10,12,0.005493544593677365,0.015525447412462392,,0.3538413063231695,0.39075916504511854,-0.036917858721949026,-0.10433450832965017,120
A10,13,0.005506612568813167,0.015562379152488998,,0.3538413063231695,0.39075916504511854,-0.036917858721949026,-0.10433450832965017,120
A10,14,0.010978253913944263,0.031025925231910684,,0.3538413063231695,0.39075916504511854,-0.036917858721949026,-0.10433450832965017,120
A10,15,-0.0031792830285371585,-0.008985053388971674,,0.3538413063231695,0.39075916504511854,-0.036917858721949026,-0.10433450832965017,120
A10,16,-0.004234076125257842,-0.011966031239413257,,0.3538413063231695,0.39075916504511854,-0.036917858721949026,-0.10433450832965017,120
A10,17,0.001187501183074543,0.0033560275803130152,,0.3538413063231695,0.39075916504511854,-0.036917858721949026,-0.10433450832965017,120
A10,18,1.130671877581969e-05,3.195420821076515e-05,,0.3538413063231695,0.39075916504511854,-0.036917858721949026,-0.10433450832965017,120
A10,19,-0.013350565886182643,-0.03773037700123494,,0.3538413063231695,0.39075916504511854,-0.036917858721949026,-0.10433450832965017,120
A10,20,-0.003694535404615407,-0.0104412213571276,,0.3538413063231695,0.39075916504511854,-0.036917858721949026,-0.10433450832965017,120
A10,21,0.000561157472429637,0.001585901539480306,,0.3538413063231695,0.39075916504511854,-0.036917858721949026,-0.10433450832965017,120
A10,22,0.004240374344198603,0.011983830797656489,,0.3538413063231695,0.39075916504511854,-0.036917858721949026,-0.10433450832965017,120
A10,23,0.002870371397716795,0.008112030298393805,,0.3538413063231695,0.39075916504511854,-0.036917858721949026,-0.10433450832965017,120
A10,24,-0.006852652323946319,-0.01936645666147205,,0.3538413063231695,0.39075916504511854,-0.036917858721949026,-0.10433450832965017,120
A10,25,0.004069970988985651,0.011502249500708306,,0.3538413063231695,0.39075916504511854,-0.036917858721949026,-0.10433450832965017,120
A10,26,0.009211430942306016,0.026032661471956733,,0.3538413063231695,0.39075916504511854,-0.036917858721949026,-0.10433450832965017,120
A10,27,-0.0009410496996005424,-0.0026595247156957565,,0.3538413063231695,0.39075916504511854,-0.036917858721949026,-0.10433450832965017,120
A10,28,0.024092539493644535,0.06808854439294997,,0.3538413063231695,0.39075916504511854,-0.036917858721949026,-0.10433450832965017,120
A10,29,0.003830353345566847,0.010825059926916836,,0.3538413063231695,0.39075916504511854,-0.036917858721949026,-0.10433450832965017,120
A10,30,0.014973892751617294,0.0423181027314583,,0.3538413063231695,0.39075916504511854,-0.036917858721949026,-0.10433450832965017,120
A10,31,-0.004052318635689042,-0.011452361731866286,,0.3538413063231695,0.39075916504511854,-0.036917858721949026,-0.10433450832965017,120
A10,32,0.00013045224018666272,0.00036867442510377346,,0.3538413063231695,0.39075916504511854,-0.036917858721949026,-0.10433450832965017,120
A10,33,-0.012155418167375686,-0.034352739349978345,,0.3538413063231695,0.39075916504511854,-0.036917858721949026,-0.10433450832965017,120
A10,34,0.0009799785323244964,0.002769542489280391,,0.3538413063231695,0.39075916504511854,-0.036917858721949026,-0.10433450832965017,120
A10,35,-0.0008872049997279667,-0.002507352827025985,,0.3538413063231695,0.39075916504511854,-0.036917858721949026,-0.10433450832965017,120
A10,36,-0.004878056907272792,-0.013786001860442989,,0.3538413063231695,0.39075916504511854,-0.036917858721949026,-0.10433450832965017,120
A10,37,-0.019254897509653247,-0.05441676018476884,,0.3538413063231695,0.39075916504511854,-0.036917858721949026,-0.10433450832965017,120
A10,38,0.013714539395948366,0.038759011881508924,,0.3538413063231695,0.39075916504511854,-0.036917858721949026,-0.10433450832965017,120
A10,39,-0.0018855284660447046,-0.005328740405233012,,0.3538413063231695,0.39075916504511854,-0.036917858721949026,-0.10433450832965017,120
A10,40,-0.0035184689901764936,-0.009943635543112691,,0.3538413063231695,0.39075916504511854,-0.036917858721949026,-0.10433450832965017,120
A10,41,0.015127061667830207,0.04275097733788716,,0.3538413063231695,0.39075916504511854,-0.036917858721949026,-0.10433450832965017,120
A10,42,0.01805099275698364,0.05101437405529288,,0.3538413063231695,0.39075916504511854,-0.036917858721949026,-0.10433450832965017,120
A10,43,0.010855158056463378,0.030678040868832794,,0.3538413063231695,0.39075916504511854,-0.036917858721949026,-0.10433450832965017,120
A10,44,-0.01633441032119709,-0.04616309636353927,,0.3538413063231695,0.39075916504511854,-0.036917858721949026,-0.10433450832965017,120
A10,45,0.001427196475758398,0.0040334366006859424,,0.3538413063231695,0.39075916504511854,-0.036917858721949026,-0.10433450832965017,120
A10,46,-0.002358447042328073,-0.006665267734949129,,0.3538413063231695,0.39075916504511854,-0.036917858721949026,-0.10433450832965017,120
A10,47,-0.011631864183703867,-0.0328731099954743,,0.3538413063231695,0.39075916504511854,-0.036917858721949026,-0.10433450832965017,120
A10,48,-0.000857480667482935,-0.0024233481285528117,,0.3538413063231695,0.39075916504511854,-0.036917858721949026,-0.10433450832965017,120
A10,49,-0.0018408161706727599,-0.005202377839379527,,0.3538413063231695,0.39075916504511854,-0.036917858721949026,-0.10433450832965017,120
A10,50,0.012503161903372079,0.03533550684993436,,0.3538413063231695,0.39075916504511854,-0.036917858721949026,-0.10433450832965017,120
A10,51,0.001653283650884548,0.004672387370666597,,0.3538413063231695,0.39075916504511854,-0.036917858721949026,-0.10433450832965017,120
A10,52,0.0051303607415277225,0.014499044203850167,,0.3538413063231695,0.39075916504511854,-0.036917858721949026,-0.10433450832965017,120
A10,53,-0.0030902248638848633,-0.008733363823449448,,0.3538413063231695,0.39075916504511854,-0.036917858721949026,-0.10433450832965017,120
A10,54,0.005756242413634243,0.016267864465707587,,0.3538413063231695,0.39075916504511854,-0.036917858721949026,-0.10433450832965017,120
A10,55,0.004362108474184519,0.012327866747701095,,0.3538413063231695,0.39075916504511854,-0.036917858721949026,-0.10433450832965017,120
A10,56,0.004987716187704795,0.014095912768164567,,0.3538413063231695,0.39075916504511854,-0.036917858721949026,-0.10433450832965017,120
A10,57,-0.0016878749000755965,-0.004770146588069711,,0.3538413063231695,0.39075916504511854,-0.036917858721949026,-0.10433450832965017,120
A10,58,0.005154048997329591,0.014565990191722576,,0.3538413063231695,0.39075916504511854,-0.036917858721949026,-0.10433450832965017,120
A10,59,-0.006792433503807466,-0.019196270707874382,,0.3538413063231695,0.39075916504511854,-0.036917858721949026,-0.10433450832965017,120
A10,60,0.007871106894223014,0.02224473726940798,,0.3538413063231695,0.39075916504511854,-0.036917858721949026,-0.10433450832965017,120
A10,61,-0.009342150322309126,-0.026402090867754077,,0.3538413063231695,0.39075916504511854,-0.036917858721949026,-0.10433450832965017,120
A10,62,-0.0072327281598876135,-0.020440598739147303,,0.3538413063231695,0.39075916504511854,-0.036917858721949026,-0.10433450832965017,120
A10,63,-0.003496920056871282,-0.009882735549471104,,0.3538413063231695,0.39075916504511854,-0.036917858721949026,-0.10433450832965017,120
A10,64,0.004181407994967349,0.011817184484245588,,0.3538413063231695,0.39075916504511854,-0.036917858721949026,-0.10433450832965017,120
A10,65,-0.0075207638393213014,-0.021254623767561084,,0.3538413063231695,0.39075916504511854,-0.036917858721949026,-0.10433450832965017,120
A10,66,0.0003427764693395199,0.00096872938013194,,0.3538413063231695,0.39075916504511854,-0.036917858721949026,-0.10433450832965017,120
A10,67,0.006410794723267513,0.018117711552343242,,0.3538413063231695,0.39075916504511854,-0.036917858721949026,-0.10433450832965017,120
A10,68,-0.007569823194543076,-0.021393271670858638,,0.3538413063231695,0.39075916504511854,-0.036917858721949026,-0.10433450832965017,120
A10,69,0.005611700952397517,0.015859372131280376,,0.3538413063231695,0.39075916504511854,-0.036917858721949026,-0.10433450832965017,120
A10,70,0.005791905151425449,0.016368651844552034,,0.3538413063231695,0.39075916504511854,-0.036917858721949026,-0.10433450832965017,120
A10,71,0.011537192958989844,0.032605557216807024,,0.3538413063231695,0.39075916504511854,-0.036917858721949026,-0.10433450832965017,120
A10,72,0.0001790133865518764,0.0005059143275612381,,0.3538413063231695,0.39075916504511854,-0.036917858721949026,-0.10433450832965017,120
A10,73,0.0014570803767894585,0.004117892260601936,,0.3538413063231695,0.39075916504511854,-0.036917858721949026,-0.10433450832965017,120
A10,74,0.005158453267980054,0.014578437214079093,,0.3538413063231695,0.39075916504511854,-0.036917858721949026,-0.10433450832965017,120
A10,75,-0.0007368248568284806,-0.00208235964445464,,0.3538413063231695,0.39075916504511854,-0.036917858721949026,-0.10433450832965017,120
A10,76,0.002019799418230698,0.005708206990356235,,0.3538413063231695,0.39075916504511854,-0.036917858721949026,-0.10433450832965017,120
A10,77,-0.005690050328938218,-0.016080797315792733,,0.3538413063231695,0.39075916504511854,-0.036917858721949026,-0.10433450832965017,120
A10,78,-0.005569087828725014,-0.01573894208845891,,0.3538413063231695,0.39075916504511854,-0.036917858721949026,-0.10433450832965017,120
A10,79,-0.009427980186814268,-0.026644656851349986,,0.3538413063231695,0.39075916504511854,-0.036917858721949026,-0.10433450832965017,120
A10,80,0.0023939667099342242,0.006765650779470535,,0.3538413063231695,0.39075916504511854,-0.036917858721949026,-0.10433450832965017,120
A10,81,0.010029421798235587,0.028344406430253054,,0.3538413063231695,0.39075916504511854,-0.036917858721949026,-0.10433450832965017,120
A10,82,-0.010125575333133083,-0.02861614840378533,,0.3538413063231695,0.39075916504511854,-0.036917858721949026,-0.10433450832965017,120
A10,83,0.015357878544129653,0.04340329483777971,,0.3538413063231695,0.39075916504511854,-0.036917858721949026,-0.10433450832965017,120
A10,84,0.008885485475025922,0.025111498618848788,,0.3538413063231695,0.39075916504511854,-0.036917858721949026,-0.10433450832965017,120
A10,85,0.0005091131314718263,0.0014388176913603305,,0.3538413063231695,0.39075916504511854,-0.036917858721949026,-0.10433450832965017,120
A10,86,-0.010591877827139438,-0.029933977853523096,,0.3538413063231695,0.39075916504511854,-0.036917858721949026,-0.10433450832965017,120
A10,87,0.00250755796960429,0.007086673954662866,,0.3538413063231695,0.39075916504511854,-0.036917858721949026,-0.10433450832965017,120
A10,88,-0.007126506357854117,-0.02014040257737844,,0.3538413063231695,0.39075916504511854,-0.036917858721949026,-0.10433450832965017,120
A10,89,-0.014801187654197898,-0.041830016421767646,,0.3538413063231695,0.39075916504511854,-0.036917858721949026,-0.10433450832965017,120
A10,90,-0.003575214060772223,-0.010104004243944647,,0.3538413063231695,0.39075916504511854,-0.036917858721949026,-0.10433450832965017,120
A10,91,-0.0009009657321562308,-0.00254624238622204,,0.3538413063231695,0.39075916504511854,-0.036917858721949026,-0.10433450832965017,120
A10,92,-0.0088284073722571,-0.024950188727242487,,0.3538413063231695,0.39075916504511854,-0.036917858721949026,-0.10433450832965017,120
A10,93,-0.0049300720451473466,-0.013933003176979639,,0.3538413063231695,0.39075916504511854,-0.036917858721949026,-0.10433450832965017,120
A10,94,0.007914886692604518,0.0223684644815767,,0.3538413063231695,0.39075916504511854,-0.036917858721949026,-0.10433450832965017,120
A10,95,0.00513449865406005,0.014510738464690785,,0.3538413063231695,0.39075916504511854,-0.036917858721949026,-0.10433450832965017,120
A10,96,-0.002855414742929317,-0.008069760912315354,,0.3538413063231695,0.39075916504511854,-0.036917858721949026,-0.10433450832965017,120
A10,97,-6.632290999209185e-05,-0.0001874368786427607,,0.3538413063231695,0.39075916504511854,-0.036917858721949026,-0.10433450832965017,120
A10,98,0.0013330151530519551,0.0037672683466595867,,0.3538413063231695,0.39075916504511854,-0.036917858721949026,-0.10433450832965017,120
A10,99,0.003781293673316022,0.010686411127655344,,0.3538413063231695,0.39075916504511854,-0.036917858721949026,-0.10433450832965017,120
A10,100,-0.006754797367060115,-0.019089906255576727,,0.3538413063231695,0.39075916504511854,-0.036917858721949026,-0.10433450832965017,120
A10,101,0.00864057604732618,0.0244193537976445,,0.3538413063231695,0.39075916504511854,-0.036917858721949026,-0.10433450832965017,120
A10,102,0.0012581210870825999,0.0035556083040614137,,0.3538413063231695,0.39075916504511854,-0.036917858721949026,-0.10433450832965017,120
A10,103,-0.0006584685575868989,-0.0018609148955195975,,0.3538413063231695,0.39075916504511854,-0.036917858721949026,-0.10433450832965017,120
A10,104,0.003786041360217928,0.010699828687496618,,0.3538413063231695,0.39075916504511854,-0.036917858721949026,-0.10433450832965017,120
A10,105,-0.014117813601803192,-0.03989871546797067,,0.3538413063231695,0.39075916504511854,-0.036917858721949026,-0.10433450832965017,120
A10,106,-0.004831701302546873,-0.013654995095835405,,0.3538413063231695,0.39075916504511854,-0.036917858721949026,-0.10433450832965017,120
A10,107,0.0025146401437638917,0.007106689068876618,,0.3538413063231695,0.39075916504511854,-0.036917858721949026,-0.10433450832965017,120
A10,108,0.010181853007276953,0.028775196183505176,,0.3538413063231695,0.39075916504511854,-0.036917858721949026,-0.10433450832965017,120
A10,109,-0.0008139323173263312,-0.0023002750181544728,,0.3538413063231695,0.39075916504511854,-0.036917858721949026,-0.10433450832965017,120
A10,110,-0.0026999786491814187,-0.007630478977249424,,0.3538413063231695,0.39075916504511854,-0.036917858721949026,-0.10433450832965017,120
A10,111,-0.001093838690996564,-0.0030913256068457475,,0.3538413063231695,0.39075916504511854,-0.036917858721949026,-0.10433450832965017,120
A10,112,0.002947318331495411,0.008329492003411194,,0.3538413063231695,0.39075916504511854,-0.036917858721949026,-0.10433450832965017,120
A10,113,-0.0009761927736930486,-0.0027588434596199306,,0.3538413063231695,0.39075916504511854,-0.036917858721949026,-0.10433450832965017,120
A10,114,0.002648424504151277,0.007484780484425479,,0.3538413063231695,0.39075916504511854,-0.036917858721949026,-0.10433450832965017,120
A10,115,0.004857748429203257,0.013728607549189269,,0.3538413063231695,0.39075916504511854,-0.036917858721949026,-0.10433450832965017,120
A10,116,-0.01330136420204821,-0.0375913268585433,,0.3538413063231695,0.39075916504511854,-0.036917858721949026,-0.10433450832965017,120
A10,117,-0.009902205271618579,-0.027984876538339254,,0.3538413063231695,0.39075916504511854,-0.036917858721949026,-0.10433450832965017,120
A10,118,-0.014082786031407769,-0.03979972315201016,,0.3538413063231695,0.39075916504511854,-0.036917858721949026,-0.10433450832965017,120
A10,119,-0.0005164317718000037,-0.0014595010886839126,,0.3538413063231695,0.39075916504511854,-0.036917858721949026,-0.10433450832965017,120
A10,120,0.002424983993149105,0.006853309519873647,,0.3538413063231695,0.39075916504511854,-0.036917858721949026,-0.10433450832965017,120
A11,0,0.35413161343112337,1.0,,0.35413161343112337,0.3909723154916618,-0.03684070206053841,-0.10403110217581216,120
A11,1,-0.027261305524886738,-0.07698071702990987,,0.35413161343112337,0.3909723154916618,-0.03684070206053841,-0.10403110217581216,120
A11,2,-0.008818526913020375,-0.02490183473759687,,0.35413161343112337,0.3909723154916618,-0.03684070206053841,-0.10403110217581216,120
A11,3,-0.01430408702985011,-0.04039200818944162,,0.35413161343112337,0.3909723154916618,-0.03684070206053841,-0.10403110217581216,120
A11,4,0.00843773597037544,0.023826553886628743,,0.35413161343112337,0.3909723154916618,-0.03684070206053841,-0.10403110217581216,120
A11,5,-0.026485305970019378,-0.07478944258437584,,0.35413161343112337,0.3909723154916618,-0.03684070206053841,-0.10403110217581216,120
A11,6,-0.012939268122708477,-0.03653802041941984,,0.35413161343112337,0.3909723154916618,-0.03684070206053841,-0.10403110217581216,120
A11,7,0.0004966993028052804,0.0014025839093913192,,0.35413161343112337,0.3909723154916618,-0.03684070206053841,-0.10403110217581216,120
A11,8,0.004168796915359356,0.011771885810951932,,0.35413161343112337,0.3909723154916618,-0.03684070206053841,-0.10403110217581216,120
A11,9,-0.002879627217142225,-0.008131516949989263,,0.35413161343112337,0.3909723154916618,-0.03684070206053841,-0.10403110217581216,120
A11,10,0.016128011244056068,0.04554242160928362,,0.35413161343112337,0.3909723154916618,-0.03684070206053841,-0.10403110217581216,120
A11,11,-0.00890285045604025,-0.02513994830843252,,0.35413161343112337,0.3909723154916618,-0.03684070206053841,-0.10403110217581216,120
A11,12,0.005624307809955301,0.01588197042185051,,0.35413161343112337,0.3909723154916618,-0.03684070206053841,-0.10403110217581216,120
A11,13,0.00608289636932664,0.017176936874938813,,0.35413161343112337,0.3909723154916618,-0.03684070206053841,-0.10403110217581216,120
A11,14,0.011073380509282627,0.031269110379597155,,0.35413161343112337,0.3909723154916618,-0.03684070206053841,-0.10403110217581216,120
A11,15,-0.0034325474516180335,-0.009692858026315814,,0.35413161343112337,0.3909723154916618,-0.03684070206053841,-0.10403110217581216,120
A11,16,-0.0047145365175268045,-0.013312950153894564,,0.35413161343112337,0.3909723154916618,-0.03684070206053841,-0.10403110217581216,120
A11,17,0.0011602953436961481,0.003276452312331667,,0.35413161343112337,0.3909723154916618,-0.03684070206053841,-0.10403110217581216,120
A11,18,-0.0003336082643412699,-0.0009420459842853167,,0.35413161343112337,0.3909723154916618,-0.03684070206053841,-0.10403110217581216,120
A11,19,-0.012669817788976922,-0.03577714417027366,,0.35413161343112337,0.3909723154916618,-0.03684070206053841,-0.10403110217581216,120
A11,20,-0.003144329434207064,-0.008878985425057564,,0.35413161343112337,0.3909723154916618,-0.03684070206053841,-0.10403110217581216,120
A11,21,-0.00032736977358543105,-0.000924429678597736,,0.35413161343112337,0.3909723154916618,-0.03684070206053841,-0.10403110217581216,120
A11,22,0.004187822871585694,0.011825611475379343,,0.35413161343112337,0.3909723154916618,-0.03684070206053841,-0.10403110217581216,120
A11,23,0.0027150697130226614,0.007666838006120929,,0.35413161343112337,0.3909723154916618,-0.03684070206053841,-0.10403110217581216,120
A11,24,-0.0072927031813626595,-0.02059320011197207,,0.35413161343112337,0.3909723154916618,-0.03684070206053841,-0.10403110217581216,120
A11,25,0.004424419682361451,0.01249371565417154,,0.35413161343112337,0.3909723154916618,-0.03684070206053841,-0.10403110217581216,120
A11,26,0.009886580749485908,0.027917814661324477,,0.35413161343112337,0.3909723154916618,-0.03684070206053841,-0.10403110217581216,120
A11,27,-0.0009367802464948401,-0.002645288392692562,,0.35413161343112337,0.3909723154916618,-0.03684070206053841,-0.10403110217581216,120
A11,28,0.023646632468279794,0.06677357110022297,,0.35413161343112337,0.3909723154916618,-0.03684070206053841,-0.10403110217581216,120
A11,29,0.004244436509162713,0.011985477568746435,,0.35413161343112337,0.3909723154916618,-0.03684070206053841,-0.10403110217581216,120
A11,30,0.01518947347856025,0.042892170318803005,,0.35413161343112337,0.3909723154916618,-0.03684070206053841,-0.10403110217581216,120
A11,31,-0.003952804250123065,-0.011161963801607517,,0.35413161343112337,0.3909723154916618,-0.03684070206053841,-0.10403110217581216,120
A11,32,-0.00033044030866560733,-0.0009331002828694821,,0.35413161343112337,0.3909723154916618,-0.03684070206053841,-0.10403110217581216,120
A11,33,-0.012011237700109933,-0.03391743985727513,,0.35413161343112337,0.3909723154916618,-0.03684070206053841,-0.10403110217581216,120
A11,34,0.0015237346072693855,0.004302735337594319,,0.35413161343112337,0.3909723154916618,-0.03684070206053841,-0.10403110217581216,120
A11,35,-0.001117788057513289,-0.0031564198595070998,,0.35413161343112337,0.3909723154916618,-0.03684070206053841,-0.10403110217581216,120
A11,36,-0.005278912523215107,-0.014906640138869798,,0.35413161343112337,0.3909723154916618,-0.03684070206053841,-0.10403110217581216,120
A11,37,-0.019209643587678654,-0.05424436243225945,,0.35413161343112337,0.3909723154916618,-0.03684070206053841,-0.10403110217581216,120
A11,38,0.013391824358116746,0.03781595274244383,,0.35413161343112337,0.3909723154916618,-0.03684070206053841,-0.10403110217581216,120
A11,39,-0.001809485350600627,-0.005109640828359883,,0.35413161343112337,0.3909723154916618,-0.03684070206053841,-0.10403110217581216,120
A11,40,-0.0036108027219792114,-0.01019621684433856,,0.35413161343112337,0.3909723154916618,-0.03684070206053841,-0.10403110217581216,120
A11,41,0.014991307292235188,0.042332586879174273,,0.35413161343112337,0.3909723154916618,-0.03684070206053841,-0.10403110217581216,120
A11,42,0.01802763079649958,0.050906584198549265,,0.35413161343112337,0.3909723154916618,-0.03684070206053841,-0.10403110217581216,120
A11,43,0.011142174961348233,0.03146337276526521,,0.35413161343112337,0.3909723154916618,-0.03684070206053841,-0.10403110217581216,120
A11,44,-0.016584705524895167,-0.04683203898180302,,0.35413161343112337,0.3909723154916618,-0.03684070206053841,-0.10403110217581216,120
A11,45,0.0012420353044521786,0.0035072703405897637,,0.35413161343112337,0.3909723154916618,-0.03684070206053841,-0.10403110217581216,120
A11,46,-0.002360197506207328,-0.0066647467119350335,,0.35413161343112337,0.3909723154916618,-0.03684070206053841,-0.10403110217581216,120
A11,47,-0.01121519710825021,-0.03166957335321746,,0.35413161343112337,0.3909723154916618,-0.03684070206053841,-0.10403110217581216,120
A11,48,-0.0008757916706125145,-0.0024730683096239616,,0.35413161343112337,0.3909723154916618,-0.03684070206053841,-0.10403110217581216,120
A11,49,-0.0023949652727497817,-0.006762924240356161,,0.35413161343112337,0.3909723154916618,-0.03684070206053841,-0.10403110217581216,120
A11,50,0.012051407069169193,0.03403087047893036,,0.35413161343112337,0.3909723154916618,-0.03684070206053841,-0.10403110217581216,120
A11,51,0.0017001106243664445,0.004800787503533927,,0.35413161343112337,0.3909723154916618,-0.03684070206053841,-0.10403110217581216,120
A11,52,0.005035960821969431,0.014220590963842027,,0.35413161343112337,0.3909723154916618,-0.03684070206053841,-0.10403110217581216,120
A11,53,-0.002847745945994114,-0.008041490332937995,,0.35413161343112337,0.3909723154916618,-0.03684070206053841,-0.10403110217581216,120
A11,54,0.006530924199974644,0.0184420818483207,,0.35413161343112337,0.3909723154916618,-0.03684070206053841,-0.10403110217581216,120
A11,55,0.004912935978140658,0.01387319231553496,,0.35413161343112337,0.3909723154916618,-0.03684070206053841,-0.10403110217581216,120
A11,56,0.004466838997332763,0.01261349969310644,,0.35413161343112337,0.3909723154916618,-0.03684070206053841,-0.10403110217581216,120
A11,57,-0.001628459861022123,-0.004598459440670211,,0.35413161343112337,0.3909723154916618,-0.03684070206053841,-0.10403110217581216,120
A11,58,0.005078276817097293,0.014340083247283964,,0.35413161343112337,0.3909723154916618,-0.03684070206053841,-0.10403110217581216,120
A11,59,-0.0070706356052671875,-0.019966123715307295,,0.35413161343112337,0.3909723154916618,-0.03684070206053841,-0.10403110217581216,120
A11,60,0.007631596230445708,0.021550169318419268,,0.35413161343112337,0.3909723154916618,-0.03684070206053841,-0.10403110217581216,120
A11,61,-0.009570758040344551,-0.02702599168601481,,0.35413161343112337,0.3909723154916618,-0.03684070206053841,-0.10403110217581216,120
A11,62,-0.006984965019263479,-0.019724206352511976,,0.35413161343112337,0.3909723154916618,-0.03684070206053841,-0.10403110217581216,120
A11,63,-0.003367805880835942,-0.009510040202866445,,0.35413161343112337,0.3909723154916618,-0.03684070206053841,-0.10403110217581216,120
A11,64,0.004365913038148083,0.012328504071826472,,0.35413161343112337,0.3909723154916618,-0.03684070206053841,-0.10403110217581216,120
A11,65,-0.007766458412094419,-0.021930994346555144,,0.35413161343112337,0.3909723154916618,-0.03684070206053841,-0.10403110217581216,120
A11,66,1.0908012300961625e-05,3.0802142161993604e-05,,0.35413161343112337,0.3909723154916618,-0.03684070206053841,-0.10403110217581216,120
A11,67,0.006693930385052039,0.01890238016367881,,0.35413161343112337,0.3909723154916618,-0.03684070206053841,-0.10403110217581216,120
A11,68,-0.0074339222404225065,-0.020991975747085802,,0.35413161343112337,0.3909723154916618,-0.03684070206053841,-0.10403110217581216,120
A11,69,0.005610534189540608,0.01584307635000744,,0.35413161343112337,0.3909723154916618,-0.03684070206053841,-0.10403110217581216,120
A11,70,0.006288965998854139,0.01775883812778355,,0.35413161343112337,0.3909723154916618,-0.03684070206053841,-0.10403110217581216,120
A11,71,0.0116156718098211,0.032800437377727316,,0.35413161343112337,0.3909723154916618,-0.03684070206053841,-0.10403110217581216,120
A11,72,-0.00021097641289055834,-0.0005957570713510786,,0.35413161343112337,0.3909723154916618,-0.03684070206053841,-0.10403110217581216,120
A11,73,0.0011786340882681864,0.003328237422376933,,0.35413161343112337,0.3909723154916618,-0.03684070206053841,-0.10403110217581216,120
A11,74,0.004880018238119337,0.013780238908460153,,0.35413161343112337,0.3909723154916618,-0.03684070206053841,-0.10403110217581216,120
A11,75,-0.00031306398745762243,-0.0008840328724803656,,0.35413161343112337,0.3909723154916618,-0.03684070206053841,-0.10403110217581216,120
A11,76,0.0020171874348638252,0.005696151821407938,,0.35413161343112337,0.3909723154916618,-0.03684070206053841,-0.10403110217581216,120
A11,77,-0.005765473663254307,-0.016280595814063516,,0.35413161343112337,0.3909723154916618,-0.03684070206053841,-0.10403110217581216,120
A11,78,-0.005638314817385602,-0.01592152353402423,,0.35413161343112337,0.3909723154916618,-0.03684070206053841,-0.10403110217581216,120
A11,79,-0.009078443103008538,-0.025635788386834446,,0.35413161343112337,0.3909723154916618,-0.03684070206053841,-0.10403110217581216,120
A11,80,0.0024914550897544535,0.00703539304388883,,0.35413161343112337,0.3909723154916618,-0.03684070206053841,-0.10403110217581216,120
A11,81,0.009814149301397122,0.027713282093935167,,0.35413161343112337,0.3909723154916618,-0.03684070206053841,-0.10403110217581216,120
A11,82,-0.00977022365343419,-0.027589244458499734,,0.35413161343112337,0.3909723154916618,-0.03684070206053841,-0.10403110217581216,120
A11,83,0.01548420345188649,0.04372443143909851,,0.35413161343112337,0.3909723154916618,-0.03684070206053841,-0.10403110217581216,120
A11,84,0.008901829271121039,0.025137064677374237,,0.35413161343112337,0.3909723154916618,-0.03684070206053841,-0.10403110217581216,120
A11,85,0.001008471981178543,0.0028477321507888627,,0.35413161343112337,0.3909723154916618,-0.03684070206053841,-0.10403110217581216,120
A11,86,-0.010146984803247806,-0.02865314594462586,,0.35413161343112337,0.3909723154916618,-0.03684070206053841,-0.10403110217581216,120
A11,87,0.0021403962661197228,0.006044070015048283,,0.35413161343112337,0.3909723154916618,-0.03684070206053841,-0.10403110217581216,120
A11,88,-0.00689954721255133,-0.01948300279012863,,0.35413161343112337,0.3909723154916618,-0.03684070206053841,-0.10403110217581216,120
A11,89,-0.014569950508451482,-0.04114275584516618,,0.35413161343112337,0.3909723154916618,-0.03684070206053841,-0.10403110217581216,120
A11,90,-0.003561606052131044,-0.010057294850417968,,0.35413161343112337,0.3909723154916618,-0.03684070206053841,-0.10403110217581216,120
A11,91,-0.0012189002434439048,-0.003441941349528723,,0.35413161343112337,0.3909723154916618,-0.03684070206053841,-0.10403110217581216,120
A11,92,-0.009167188904354967,-0.025886389570068516,,0.35413161343112337,0.3909723154916618,-0.03684070206053841,-0.10403110217581216,120
A11,93,-0.004673540348010442,-0.013197184805754202,,0.35413161343112337,0.3909723154916618,-0.03684070206053841,-0.10403110217581216,120
A11,94,0.0077403474914325915,0.021857262096534193,,0.35413161343112337,0.3909723154916618,-0.03684070206053841,-0.10403110217581216,120
A11,95,0.004817838764439368,0.013604655957597559,,0.35413161343112337,0.3909723154916618,-0.03684070206053841,-0.10403110217581216,120
A11,96,-0.002513786633770013,-0.007098453056518577,,0.35413161343112337,0.3909723154916618,-0.03684070206053841,-0.10403110217581216,120
A11,97,-0.0004941282682163464,-0.0013953237990497892,,0.35413161343112337,0.3909723154916618,-0.03684070206053841,-0.10403110217581216,120
A11,98,0.0012505466432097578,0.0035313047346815936,,0.35413161343112337,0.3909723154916618,-0.03684070206053841,-0.10403110217581216,120
A11,99,0.0033899837902312273,0.009572666380688885,,0.35413161343112337,0.3909723154916618,-0.03684070206053841,-0.10403110217581216,120
A11,100,-0.006805637392768086,-0.01921781940569885,,0.35413161343112337,0.3909723154916618,-0.03684070206053841,-0.10403110217581216,120
A11,101,0.008651666643211006,0.02443065322349061,,0.35413161343112337,0.3909723154916618,-0.03684070206053841,-0.10403110217581216,120
A11,102,0.001169249118728008,0.0033017360619102716,,0.35413161343112337,0.3909723154916618,-0.03684070206053841,-0.10403110217581216,120
A11,103,-0.00044451619627559343,-0.0012552287890051628,,0.35413161343112337,0.3909723154916618,-0.03684070206053841,-0.10403110217581216,120
A11,104,0.003916391695177433,0.011059141705063136,,0.35413161343112337,0.3909723154916618,-0.03684070206053841,-0.10403110217581216,120
A11,105,-0.01380986787971889,-0.03899642775723222,,0.35413161343112337,0.3909723154916618,-0.03684070206053841,-0.10403110217581216,120
A11,106,-0.004912914388477361,-0.013873131350451704,,0.35413161343112337,0.3909723154916618,-0.03684070206053841,-0.10403110217581216,120
A11,107,0.0019159949153409242,0.005410403484673854,,0.35413161343112337,0.3909723154916618,-0.03684070206053841,-0.10403110217581216,120
A11,108,0.010227466803667835,0.028880411733297626,,0.35413161343112337,0.3909723154916618,-0.03684070206053841,-0.10403110217581216,120
A11,109,-0.0006085064445408032,-0.0017183059107462439,,0.35413161343112337,0.3909723154916618,-0.03684070206053841,-0.10403110217581216,120
A11,110,-0.002682926169026948,-0.00757607078066969,,0.35413161343112337,0.3909723154916618,-0.03684070206053841,-0.10403110217581216,120
A11,111,-0.0009670185145441655,-0.0027306754829790002,,0.35413161343112337,0.3909723154916618,-0.03684070206053841,-0.10403110217581216,120
A11,112,0.0028316999592852554,0.00799617953294081,,0.35413161343112337,0.3909723154916618,-0.03684070206053841,-0.10403110217581216,120
A11,113,-0.000567568177573961,-0.001602704068340258,,0.35413161343112337,0.3909723154916618,-0.03684070206053841,-0.10403110217581216,120
A11,114,0.0020250545325908352,0.005718367001947136,,0.35413161343112337,0.3909723154916618,-0.03684070206053841,-0.10403110217581216,120
A11,115,0.004616933256192096,0.013037337196358675,,0.35413161343112337,0.3909723154916618,-0.03684070206053841,-0.10403110217581216,120
A11,116,-0.012794867280194525,-0.036130260035886506,,0.35413161343112337,0.3909723154916618,-0.03684070206053841,-0.10403110217581216,120
A11,117,-0.010088293532827287,-0.028487413013154796,,0.35413161343112337,0.3909723154916618,-0.03684070206053841,-0.10403110217581216,120
A11,118,-0.014395175352430714,-0.04064922420497343,,0.35413161343112337,0.3909723154916618,-0.03684070206053841,-0.10403110217581216,120
A11,119,2.586709667286688e-05,7.304373767211802e-05,,0.35413161343112337,0.3909723154916618,-0.03684070206053841,-0.10403110217581216,120
A11,120,0.002409916160197256,0.006805142689318165,,0.35413161343112337,0.3909723154916618,-0.03684070206053841,-0.10403110217581216,120
C01,0,0.018361944704413824,1.0,9.86309247213921,0.018361944704413824,0.016500262401801153,0.001861682302612671,0.10138807912678018,120
C01,1,0.0022074885271865722,0.12022084603358699,1.1857493215080788,0.018361944704413824,0.016500262401801153,0.001861682302612671,0.10138807912678018,120
C01,2,0.001946723098784586,0.10601944021303118,1.0456795426655607,0.018361944704413824,0.016500262401801153,0.001861682302612671,0.10138807912678018,120
C01,3,0.0022598227429585604,0.12307099162624897,1.2138605710475638,0.018361944704413824,0.016500262401801153,0.001861682302612671,0.10138807912678018,120
C01,4,0.0018684323971536621,0.101755692397033,1.003625803678489,0.018361944704413824,0.016500262401801153,0.001861682302612671,0.10138807912678018,120
C01,5,0.0011780867625213857,0.06415914988776752,0.6328076282768911,0.018361944704413824,0.016500262401801153,0.001861682302612671,0.10138807912678018,120
C01,6,0.0013901953082355739,0.07571067937599225,0.7467414318138945,0.018361944704413824,0.016500262401801153,0.001861682302612671,0.10138807912678018,120
C01,7,0.001788719029295413,0.09741446552038917,0.9608078815516149,0.018361944704413824,0.016500262401801153,0.001861682302612671,0.10138807912678018,120
C01,8,0.000999132156073925,0.05441319926389686,0.5366824160447519,0.018361944704413824,0.016500262401801153,0.001861682302612671,0.10138807912678018,120
C01,9,0.001610014791166592,0.0876821500709333,0.8648171543056027,0.018361944704413824,0.016500262401801153,0.001861682302612671,0.10138807912678018,120
C01,10,0.0011730357999119021,0.06388407212826042,0.6300945108978436,0.018361944704413824,0.016500262401801153,0.001861682302612671,0.10138807912678018,120
C01,11,0.0011093547632780498,0.06041597342417573,0.5958883326769502,0.018361944704413824,0.016500262401801153,0.001861682302612671,0.10138807912678018,120
C01,12,0.0008658238672096659,0.04715316820453882,0.46507605835570076,0.018361944704413824,0.016500262401801153,0.001861682302612671,0.10138807912678018,120
C01,13,0.0009219075936905105,0.05020751388434926,0.4952013522375501,0.018361944704413824,0.016500262401801153,0.001861682302612671,0.10138807912678018,120
C01,14,0.001792946391429809,0.09764468961715272,0.9630786031073086,0.018361944704413824,0.016500262401801153,0.001861682302612671,0.10138807912678018,120
C01,15,0.0017172298144660007,0.09352112982091787,0.9224075515226487,0.018361944704413824,0.016500262401801153,0.001861682302612671,0.10138807912678018,120
C01,16,0.0006767788218967429,0.03685768761377762,0.3635307812439086,0.018361944704413824,0.016500262401801153,0.001861682302612671,0.10138807912678018,120
C01,17,0.001572071165545018,0.08561572267272569,0.8444357897901189,0.018361944704413824,0.016500262401801153,0.001861682302612671,0.10138807912678018,120
C01,18,0.001197209772694109,0.06520059786512292,0.6430795259824696,0.018361944704413824,0.016500262401801153,0.001861682302612671,0.10138807912678018,120
C01,19,0.0009944379340966565,0.05415754976419326,0.5341609213887191,0.018361944704413824,0.016500262401801153,0.001861682302612671,0.10138807912678018,120
C01,20,0.0016216698520904668,0.08831689007867732,0.8710776536977483,0.018361944704413824,0.016500262401801153,0.001861682302612671,0.10138807912678018,120
C01,21,0.0022521565618164995,0.12265348785606181,1.2097426927547412,0.018361944704413824,0.016500262401801153,0.001861682302612671,0.10138807912678018,120
C01,22,0.0014346090219196097,0.07812947076214427,0.7705981949263256,0.018361944704413824,0.016500262401801153,0.001861682302612671,0.10138807912678018,120
C01,23,0.0011104502022564156,0.06047563153751829,0.5964767461655612,0.018361944704413824,0.016500262401801153,0.001861682302612671,0.10138807912678018,120
C01,24,0.0014070118544551274,0.07662651625984428,0.7557744156887228,0.018361944704413824,0.016500262401801153,0.001861682302612671,0.10138807912678018,120
C01,25,0.001269693396169563,0.06914808951931739,0.6820140012007875,0.018361944704413824,0.016500262401801153,0.001861682302612671,0.10138807912678018,120
C01,26,0.0013312801153656597,0.07250213072723435,0.715095219789838,0.018361944704413824,0.016500262401801153,0.001861682302612671,0.10138807912678018,120
C01,27,0.002541286061339189,0.13839961410668652,1.3650481920426312,0.018361944704413824,0.016500262401801153,0.001861682302612671,0.10138807912678018,120
C01,28,0.00188743367158566,0.10279051058965234,1.0138323112041456,0.018361944704413824,0.016500262401801153,0.001861682302612671,0.10138807912678018,120
C01,29,0.0015728291233234333,0.0856570014038523,0.8448429257323533,0.018361944704413824,0.016500262401801153,0.001861682302612671,0.10138807912678018,120
C01,30,0.0014261415701655516,0.07766832942388381,0.7660499152643366,0.018361944704413824,0.016500262401801153,0.001861682302612671,0.10138807912678018,120
C01,31,0.0012793271028438684,0.0696727456398638,0.6871887330338106,0.018361944704413824,0.016500262401801153,0.001861682302612671,0.10138807912678018,120
C01,32,0.002388109033919413,0.13005752235738746,1.2827693697082252,0.018361944704413824,0.016500262401801153,0.001861682302612671,0.10138807912678018,120
C01,33,0.0011037403959002668,0.06011021238044306,0.5928725832282371,0.018361944704413824,0.016500262401801153,0.001861682302612671,0.10138807912678018,120
C01,34,0.001090273439488544,0.05937679570652804,0.5856388267528044,0.018361944704413824,0.016500262401801153,0.001861682302612671,0.10138807912678018,120
C01,35,0.0016013465834357316,0.0872100754693375,0.860161038856315,0.018361944704413824,0.016500262401801153,0.001861682302612671,0.10138807912678018,120
C01,36,0.001484435241025348,0.08084302969655066,0.7973622776249754,0.018361944704413824,0.016500262401801153,0.001861682302612671,0.10138807912678018,120
C01,37,0.0009689450987462821,0.052769198161966374,0.5204674811521127,0.018361944704413824,0.016500262401801153,0.001861682302612671,0.10138807912678018,120
C01,38,0.0013553749910434339,0.07381434879921135,0.7280377479773594,0.018361944704413824,0.016500262401801153,0.001861682302612671,0.10138807912678018,120
C01,39,0.0011461237218129549,0.062418427909623916,0.6156387264381755,0.018361944704413824,0.016500262401801153,0.001861682302612671,0.10138807912678018,120
C01,40,0.0011601377138384704,0.06318163639604021,0.623166322315221,0.018361944704413824,0.016500262401801153,0.001861682302612671,0.10138807912678018,120
C01,41,0.0011388563675643537,0.06202264443649025,0.6117350774437138,0.018361944704413824,0.016500262401801153,0.001861682302612671,0.10138807912678018,120
C01,42,0.0010918650408206425,0.0594634750511029,0.5864937531437707,0.018361944704413824,0.016500262401801153,0.001861682302612671,0.10138807912678018,120
C01,43,0.0012127819783929758,0.06604866738877874,0.65144411411709,0.018361944704413824,0.016500262401801153,0.001861682302612671,0.10138807912678018,120
C01,44,0.0010494204473119847,0.05715192286031262,0.5636947001318302,0.018361944704413824,0.016500262401801153,0.001861682302612671,0.10138807912678018,120
C01,45,0.0006403475313369683,0.034873622682408054,0.34396176535508205,0.018361944704413824,0.016500262401801153,0.001861682302612671,0.10138807912678018,120
C01,46,0.0013880270354647574,0.07559259423818573,0.7455767471801235,0.018361944704413824,0.016500262401801153,0.001861682302612671,0.10138807912678018,120
C01,47,0.0008377861999226695,0.04562622387819758,0.45001566526518877,0.018361944704413824,0.016500262401801153,0.001861682302612671,0.10138807912678018,120
C01,48,0.0012041025562074966,0.06557598204279831,0.6467819748394601,0.018361944704413824,0.016500262401801153,0.001861682302612671,0.10138807912678018,120
C01,49,0.001175328946705743,0.06400895796310828,0.6313262714354083,0.018361944704413824,0.016500262401801153,0.001861682302612671,0.10138807912678018,120
C01,50,0.0009670702800839526,0.05266709467061456,0.5194604249751815,0.018361944704413824,0.016500262401801153,0.001861682302612671,0.10138807912678018,120
C01,51,0.0012178003742644105,0.06632197154867137,0.6541397383191313,0.018361944704413824,0.016500262401801153,0.001861682302612671,0.10138807912678018,120
C01,52,0.00022336701342473737,0.012164670846168306,0.11998127344889394,0.018361944704413824,0.016500262401801153,0.001861682302612671,0.10138807912678018,120
C01,53,0.0012062453616855837,0.06569268022006557,0.647932979753177,0.018361944704413824,0.016500262401801153,0.001861682302612671,0.10138807912678018,120
C01,54,0.0011445528928516048,0.06233287983796609,0.6147949578966013,0.018361944704413824,0.016500262401801153,0.001861682302612671,0.10138807912678018,120
C01,55,0.0013317215877530853,0.07252617351761044,0.7153323560546057,0.018361944704413824,0.016500262401801153,0.001861682302612671,0.10138807912678018,120
C01,56,0.001071288327373633,0.05834285772117144,0.5754410007927749,0.018361944704413824,0.016500262401801153,0.001861682302612671,0.10138807912678018,120
C01,57,0.0020165179086516737,0.10982049783468444,1.0831697254798565,0.018361944704413824,0.016500262401801153,0.001861682302612671,0.10138807912678018,120
C01,58,0.0005594684790318205,0.030468912091720663,0.3005176974861214,0.018361944704413824,0.016500262401801153,0.001861682302612671,0.10138807912678018,120
C01,59,0.0009619029645760337,0.0523856802784518,0.5166848088022894,0.018361944704413824,0.016500262401801153,0.001861682302612671,0.10138807912678018,120
C01,60,0.0015818018649651842,0.08614566106306552,0.8496626211385774,0.018361944704413824,0.016500262401801153,0.001861682302612671,0.10138807912678018,120
C01,61,0.0006948333862680221,0.03784094753868847,0.373228764807453,0.018361944704413824,0.016500262401801153,0.001861682302612671,0.10138807912678018,120
C01,62,0.0007784878482927443,0.04239680822617946,0.4181636400583603,0.018361944704413824,0.016500262401801153,0.001861682302612671,0.10138807912678018,120
C01,63,0.0008204196816866678,0.04468043526399773,0.44068726470423925,0.018361944704413824,0.016500262401801153,0.001861682302612671,0.10138807912678018,120
C01,64,0.0013549695987724612,0.07379227094866238,0.7278199920958087,0.018361944704413824,0.016500262401801153,0.001861682302612671,0.10138807912678018,120
C01,65,0.0009277409650260011,0.050525201984896066,0.4983347393505414,0.018361944704413824,0.016500262401801153,0.001861682302612671,0.10138807912678018,120
C01,66,0.0007713969770545391,0.042010636099405724,0.4143547886618283,0.018361944704413824,0.016500262401801153,0.001861682302612671,0.10138807912678018,120
C01,67,0.0011494947302992148,0.06260201459069313,0.6174494588502144,0.018361944704413824,0.016500262401801153,0.001861682302612671,0.10138807912678018,120
C01,68,0.001500433031845409,0.08171427678271662,0.805955468201912,0.018361944704413824,0.016500262401801153,0.001861682302612671,0.10138807912678018,120
C01,69,0.0010066360981158598,0.05482186741766441,0.5407131478357796,0.018361944704413824,0.016500262401801153,0.001861682302612671,0.10138807912678018,120
C01,70,0.0020742502185889834,0.11296462613191387,1.1141805536196998,0.018361944704413824,0.016500262401801153,0.001861682302612671,0.10138807912678018,120
C01,71,0.0015245000109887366,0.08302497559652704,0.8188830118056474,0.018361944704413824,0.016500262401801153,0.001861682302612671,0.10138807912678018,120
C01,72,0.0012531911952886447,0.06824937202797501,0.6731498674773486,0.018361944704413824,0.016500262401801153,0.001861682302612671,0.10138807912678018,120
C01,73,0.0010548394501741932,0.05744704426218167,0.566605509808972,0.018361944704413824,0.016500262401801153,0.001861682302612671,0.10138807912678018,120
C01,74,0.0014681585812491018,0.07995659527806918,0.7886192929850055,0.018361944704413824,0.016500262401801153,0.001861682302612671,0.10138807912678018,120
C01,75,0.0005676545134986981,0.030914727314381135,0.304914814252709,0.018361944704413824,0.016500262401801153,0.001861682302612671,0.10138807912678018,120
C01,76,0.0016110518074782462,0.08773862645882946,0.8653741861419149,0.018361944704413824,0.016500262401801153,0.001861682302612671,0.10138807912678018,120
C01,77,0.0014911056328438675,0.08120630231967953,0.8009452690994919,0.018361944704413824,0.016500262401801153,0.001861682302612671,0.10138807912678018,120
C01,78,0.000856159793422404,0.04662685827697767,0.4598850148711602,0.018361944704413824,0.016500262401801153,0.001861682302612671,0.10138807912678018,120
C01,79,0.000528894921714223,0.02880386202160209,0.28409515467380003,0.018361944704413824,0.016500262401801153,0.001861682302612671,0.10138807912678018,120
C01,80,0.0014443009275715362,0.07865729642592578,0.7758041882573709,0.018361944704413824,0.016500262401801153,0.001861682302612671,0.10138807912678018,120
C01,81,0.0014014993152043742,0.07632630082299961,0.7528133630735602,0.018361944704413824,0.016500262401801153,0.001861682302612671,0.10138807912678018,120
C01,82,0.0005456969883685193,0.0297189103416342,0.2931203608707524,0.018361944704413824,0.016500262401801153,0.001861682302612671,0.10138807912678018,120
C01,83,0.0008928179359015828,0.048623277668784624,0.47957588394572415,0.018361944704413824,0.016500262401801153,0.001861682302612671,0.10138807912678018,120
C01,84,0.0009765902174119876,0.05318555485995097,0.5245740457657293,0.018361944704413824,0.016500262401801153,0.001861682302612671,0.10138807912678018,120
C01,85,0.0004849597218069841,0.02641113071702095,0.260495424555734,0.018361944704413824,0.016500262401801153,0.001861682302612671,0.10138807912678018,120
C01,86,0.0008371184224424731,0.045589856407815425,0.4496569695418318,0.018361944704413824,0.016500262401801153,0.001861682302612671,0.10138807912678018,120
C01,87,0.0008328127515437006,0.045355367579530396,0.447344184544773,0.018361944704413824,0.016500262401801153,0.001861682302612671,0.10138807912678018,120
C01,88,0.0005369350207408309,0.029241729532698303,0.2884138824262874,0.018361944704413824,0.016500262401801153,0.001861682302612671,0.10138807912678018,120
C01,89,0.0011678662217949021,0.06360253451336076,0.6273176793677028,0.018361944704413824,0.016500262401801153,0.001861682302612671,0.10138807912678018,120
C01,90,0.0010022198487576002,0.05458135643533921,0.5383409657765411,0.018361944704413824,0.016500262401801153,0.001861682302612671,0.10138807912678018,120
C01,91,0.001357962516419831,0.07395526662779926,0.7294276335516949,0.018361944704413824,0.016500262401801153,0.001861682302612671,0.10138807912678018,120
C01,92,0.001155178492924038,0.06291155493167112,0.6205024838571378,0.018361944704413824,0.016500262401801153,0.001861682302612671,0.10138807912678018,120
C01,93,0.0011794465392930972,0.0642332039595775,0.6335380304350913,0.018361944704413824,0.016500262401801153,0.001861682302612671,0.10138807912678018,120
C01,94,0.001453122010565313,0.07913769668503648,0.7805424204366194,0.018361944704413824,0.016500262401801153,0.001861682302612671,0.10138807912678018,120
C01,95,0.000596632808476345,0.0324928986597442,0.32048046416890524,0.018361944704413824,0.016500262401801153,0.001861682302612671,0.10138807912678018,120
C01,96,0.001398151467129604,0.07614397546865054,0.7510150712435998,0.018361944704413824,0.016500262401801153,0.001861682302612671,0.10138807912678018,120
C01,97,0.0010413027721636798,0.05670983051775407,0.5593343024759505,0.018361944704413824,0.016500262401801153,0.001861682302612671,0.10138807912678018,120
C01,98,0.0009276590762434315,0.05052074228392823,0.4982907529074976,0.018361944704413824,0.016500262401801153,0.001861682302612671,0.10138807912678018,120
C01,99,0.0013430894749728174,0.07314527391262468,0.721438600500169,0.018361944704413824,0.016500262401801153,0.001861682302612671,0.10138807912678018,120
C01,100,0.0013033088126264834,0.07097880064485738,0.7000704743217625,0.018361944704413824,0.016500262401801153,0.001861682302612671,0.10138807912678018,120
C01,101,0.0017006680850330286,0.09261917037710193,0.913511442122173,0.018361944704413824,0.016500262401801153,0.001861682302612671,0.10138807912678018,120
C01,102,0.0014861435564258506,0.08093606534326471,0.7982798968117213,0.018361944704413824,0.016500262401801153,0.001861682302612671,0.10138807912678018,120
C01,103,0.0006117902140773333,0.033318377978247146,0.3286222430211382,0.018361944704413824,0.016500262401801153,0.001861682302612671,0.10138807912678018,120
C01,104,0.0012054425927214448,0.06564896105104172,0.6475017735462897,0.018361944704413824,0.016500262401801153,0.001861682302612671,0.10138807912678018,120
C01,105,0.0013570447283583107,0.07390528346554195,0.7289346450003013,0.018361944704413824,0.016500262401801153,0.001861682302612671,0.10138807912678018,120
C01,106,0.0004964917735652753,0.027039171588722252,0.2666898497496068,0.018361944704413824,0.016500262401801153,0.001861682302612671,0.10138807912678018,120
C01,107,0.001210492709345922,0.06592399273781414,0.6502144365056947,0.018361944704413824,0.016500262401801153,0.001861682302612671,0.10138807912678018,120
C01,108,0.0016757849214694056,0.09126402178232147,0.9001454862183637,0.018361944704413824,0.016500262401801153,0.001861682302612671,0.10138807912678018,120
C01,109,0.0008299088470193924,0.045197219596239166,0.4457843563612892,0.018361944704413824,0.016500262401801153,0.001861682302612671,0.10138807912678018,120
C01,110,0.001135908006754359,0.06186207534332192,0.610151369629627,0.018361944704413824,0.016500262401801153,0.001861682302612671,0.10138807912678018,120
C01,111,0.0012000301590812381,0.0653541974120408,0.6445944925173993,0.018361944704413824,0.016500262401801153,0.001861682302612671,0.10138807912678018,120
C01,112,0.0007791043259393955,0.042430381883903356,0.41849478014911906,0.018361944704413824,0.016500262401801153,0.001861682302612671,0.10138807912678018,120
C01,113,0.00025565632448832065,0.013923161658735759,0.1373254309446539,0.018361944704413824,0.016500262401801153,0.001861682302612671,0.10138807912678018,120
C01,114,0.0010570176725607555,0.057565671260662865,0.5677755388646843,0.018361944704413824,0.016500262401801153,0.001861682302612671,0.10138807912678018,120
C01,115,0.0005432227553917313,0.029584162469520562,0.29179133014767156,0.018361944704413824,0.016500262401801153,0.001861682302612671,0.10138807912678018,120
C01,116,0.0009944614852191672,0.0541588323692163,0.5341735718406666,0.018361944704413824,0.016500262401801153,0.001861682302612671,0.10138807912678018,120
C01,117,0.0008761953779805947,0.04771800547738148,0.4706471006094588,0.018361944704413824,0.016500262401801153,0.001861682302612671,0.10138807912678018,120
C01,118,0.00048053621335210844,0.026170224400937102,0.25811934328307656,0.018361944704413824,0.016500262401801153,0.001861682302612671,0.10138807912678018,120
C01,119,0.0010701267916230642,0.058279599947048545,0.5748170835170192,0.018361944704413824,0.016500262401801153,0.001861682302612671,0.10138807912678018,120
C01,120,0.0007150033901774862,0.03893941527912425,0.3840630537090329,0.018361944704413824,0.016500262401801153,0.001861682302612671,0.10138807912678018,120
C02,0,0.018361944704413824,1.0,9.86309247213921,0.018361944704413824,0.016500262401801153,0.001861682302612671,0.10138807912678018,120
C02,1,0.0022074885271865722,0.12022084603358699,1.1857493215080788,0.018361944704413824,0.016500262401801153,0.001861682302612671,0.10138807912678018,120
C02,2,0.001946723098784586,0.10601944021303118,1.0456795426655607,0.018361944704413824,0.016500262401801153,0.001861682302612671,0.10138807912678018,120
C02,3,0.0022598227429585604,0.12307099162624897,1.2138605710475638,0.018361944704413824,0.016500262401801153,0.001861682302612671,0.10138807912678018,120
C02,4,0.0018684323971536621,0.101755692397033,1.003625803678489,0.018361944704413824,0.016500262401801153,0.001861682302612671,0.10138807912678018,120
C02,5,0.0011780867625213857,0.06415914988776752,0.6328076282768911,0.018361944704413824,0.016500262401801153,0.001861682302612671,0.10138807912678018,120
C02,6,0.0013901953082355739,0.07571067937599225,0.7467414318138945,0.018361944704413824,0.016500262401801153,0.001861682302612671,0.10138807912678018,120
C02,7,0.001788719029295413,0.09741446552038917,0.9608078815516149,0.018361944704413824,0.016500262401801153,0.001861682302612671,0.10138807912678018,120
C02,8,0.000999132156073925,0.05441319926389686,0.5366824160447519,0.018361944704413824,0.016500262401801153,0.001861682302612671,0.10138807912678018,120
C02,9,0.001610014791166592,0.0876821500709333,0.8648171543056027,0.018361944704413824,0.016500262401801153,0.001861682302612671,0.10138807912678018,120
C02,10,0.0011730357999119021,0.06388407212826042,0.6300945108978436,0.018361944704413824,0.016500262401801153,0.001861682302612671,0.10138807912678018,120
C02,11,0.0011093547632780498,0.06041597342417573,0.5958883326769502,0.018361944704413824,0.016500262401801153,0.001861682302612671,0.10138807912678018,120
C02,12,0.0008658238672096659,0.04715316820453882,0.46507605835570076,0.018361944704413824,0.016500262401801153,0.001861682302612671,0.10138807912678018,120
C02,13,0.0009219075936905105,0.05020751388434926,0.4952013522375501,0.018361944704413824,0.016500262401801153,0.001861682302612671,0.10138807912678018,120
C02,14,0.001792946391429809,0.09764468961715272,0.9630786031073086,0.018361944704413824,0.016500262401801153,0.001861682302612671,0.10138807912678018,120
C02,15,0.0017172298144660007,0.09352112982091787,0.9224075515226487,0.018361944704413824,0.016500262401801153,0.001861682302612671,0.10138807912678018,120
C02,16,0.0006767788218967429,0.03685768761377762,0.3635307812439086,0.018361944704413824,0.016500262401801153,0.001861682302612671,0.10138807912678018,120
C02,17,0.001572071165545018,0.08561572267272569,0.8444357897901189,0.018361944704413824,0.016500262401801153,0.001861682302612671,0.10138807912678018,120
C02,18,0.001197209772694109,0.06520059786512292,0.6430795259824696,0.018361944704413824,0.016500262401801153,0.001861682302612671,0.10138807912678018,120
C02,19,0.0009944379340966565,0.05415754976419326,0.5341609213887191,0.018361944704413824,0.016500262401801153,0.001861682302612671,0.10138807912678018,120
C02,20,0.0016216698520904668,0.08831689007867732,0.8710776536977483,0.018361944704413824,0.016500262401801153,0.001861682302612671,0.10138807912678018,120
C02,21,0.0022521565618164995,0.12265348785606181,1.2097426927547412,0.018361944704413824,0.016500262401801153,0.001861682302612671,0.10138807912678018,120
C02,22,0.0014346090219196097,0.07812947076214427,0.7705981949263256,0.018361944704413824,0.016500262401801153,0.001861682302612671,0.10138807912678018,120
C02,23,0.0011104502022564156,0.06047563153751829,0.5964767461655612,0.018361944704413824,0.016500262401801153,0.001861682302612671,0.10138807912678018,120
C02,24,0.0014070118544551274,0.07662651625984428,0.7557744156887228,0.018361944704413824,0.016500262401801153,0.001861682302612671,0.10138807912678018,120
C02,25,0.001269693396169563,0.06914808951931739,0.6820140012007875,0.018361944704413824,0.016500262401801153,0.001861682302612671,0.10138807912678018,120
C02,26,0.0013312801153656597,0.07250213072723435,0.715095219789838,0.018361944704413824,0.016500262401801153,0.001861682302612671,0.10138807912678018,120
C02,27,0.002541286061339189,0.13839961410668652,1.3650481920426312,0.018361944704413824,0.016500262401801153,0.001861682302612671,0.10138807912678018,120
C02,28,0.00188743367158566,0.10279051058965234,1.0138323112041456,0.018361944704413824,0.016500262401801153,0.001861682302612671,0.10138807912678018,120
C02,29,0.0015728291233234333,0.0856570014038523,0.8448429257323533,0.018361944704413824,0.016500262401801153,0.001861682302612671,0.10138807912678018,120
C02,30,0.0014261415701655516,0.07766832942388381,0.7660499152643366,0.018361944704413824,0.016500262401801153,0.001861682302612671,0.10138807912678018,120
C02,31,0.0012793271028438684,0.0696727456398638,0.6871887330338106,0.018361944704413824,0.016500262401801153,0.001861682302612671,0.10138807912678018,120
C02,32,0.002388109033919413,0.13005752235738746,1.2827693697082252,0.018361944704413824,0.016500262401801153,0.001861682302612671,0.10138807912678018,120
C02,33,0.0011037403959002668,0.06011021238044306,0.5928725832282371,0.018361944704413824,0.016500262401801153,0.001861682302612671,0.10138807912678018,120
C02,34,0.001090273439488544,0.05937679570652804,0.5856388267528044,0.018361944704413824,0.016500262401801153,0.001861682302612671,0.10138807912678018,120
C02,35,0.0016013465834357316,0.0872100754693375,0.860161038856315,0.018361944704413824,0.016500262401801153,0.001861682302612671,0.10138807912678018,120
C02,36,0.001484435241025348,0.08084302969655066,0.7973622776249754,0.018361944704413824,0.016500262401801153,0.001861682302612671,0.10138807912678018,120
C02,37,0.0009689450987462821,0.052769198161966374,0.5204674811521127,0.018361944704413824,0.016500262401801153,0.001861682302612671,0.10138807912678018,120
C02,38,0.0013553749910434339,0.07381434879921135,0.7280377479773594,0.018361944704413824,0.016500262401801153,0.001861682302612671,0.10138807912678018,120
C02,39,0.0011461237218129549,0.062418427909623916,0.6156387264381755,0.018361944704413824,0.016500262401801153,0.001861682302612671,0.10138807912678018,120
C02,40,0.0011601377138384704,0.06318163639604021,0.623166322315221,0.018361944704413824,0.016500262401801153,0.001861682302612671,0.10138807912678018,120
C02,41,0.0011388563675643537,0.06202264443649025,0.6117350774437138,0.018361944704413824,0.016500262401801153,0.001861682302612671,0.10138807912678018,120
C02,42,0.0010918650408206425,0.0594634750511029,0.5864937531437707,0.018361944704413824,0.016500262401801153,0.001861682302612671,0.10138807912678018,120
C02,43,0.0012127819783929758,0.06604866738877874,0.65144411411709,0.018361944704413824,0.016500262401801153,0.001861682302612671,0.10138807912678018,120
C02,44,0.0010494204473119847,0.05715192286031262,0.5636947001318302,0.018361944704413824,0.016500262401801153,0.001861682302612671,0.10138807912678018,120
C02,45,0.0006403475313369683,0.034873622682408054,0.34396176535508205,0.018361944704413824,0.016500262401801153,0.001861682302612671,0.10138807912678018,120
C02,46,0.0013880270354647574,0.07559259423818573,0.7455767471801235,0.018361944704413824,0.016500262401801153,0.001861682302612671,0.10138807912678018,120
C02,47,0.0008377861999226695,0.04562622387819758,0.45001566526518877,0.018361944704413824,0.016500262401801153,0.001861682302612671,0.10138807912678018,120
C02,48,0.0012041025562074966,0.06557598204279831,0.6467819748394601,0.018361944704413824,0.016500262401801153,0.001861682302612671,0.10138807912678018,120
C02,49,0.001175328946705743,0.06400895796310828,0.6313262714354083,0.018361944704413824,0.016500262401801153,0.001861682302612671,0.10138807912678018,120
C02,50,0.0009670702800839526,0.05266709467061456,0.5194604249751815,0.018361944704413824,0.016500262401801153,0.001861682302612671,0.10138807912678018,120
C02,51,0.0012178003742644105,0.06632197154867137,0.6541397383191313,0.018361944704413824,0.016500262401801153,0.001861682302612671,0.10138807912678018,120
C02,52,0.00022336701342473737,0.012164670846168306,0.11998127344889394,0.018361944704413824,0.016500262401801153,0.001861682302612671,0.10138807912678018,120
C02,53,0.0012062453616855837,0.06569268022006557,0.647932979753177,0.018361944704413824,0.016500262401801153,0.001861682302612671,0.10138807912678018,120
C02,54,0.0011445528928516048,0.06233287983796609,0.6147949578966013,0.018361944704413824,0.016500262401801153,0.001861682302612671,0.10138807912678018,120
C02,55,0.0013317215877530853,0.07252617351761044,0.7153323560546057,0.018361944704413824,0.016500262401801153,0.001861682302612671,0.10138807912678018,120
C02,56,0.001071288327373633,0.05834285772117144,0.5754410007927749,0.018361944704413824,0.016500262401801153,0.001861682302612671,0.10138807912678018,120
C02,57,0.0020165179086516737,0.10982049783468444,1.0831697254798565,0.018361944704413824,0.016500262401801153,0.001861682302612671,0.10138807912678018,120
C02,58,0.0005594684790318205,0.030468912091720663,0.3005176974861214,0.018361944704413824,0.016500262401801153,0.001861682302612671,0.10138807912678018,120
C02,59,0.0009619029645760337,0.0523856802784518,0.5166848088022894,0.018361944704413824,0.016500262401801153,0.001861682302612671,0.10138807912678018,120
C02,60,0.0015818018649651842,0.08614566106306552,0.8496626211385774,0.018361944704413824,0.016500262401801153,0.001861682302612671,0.10138807912678018,120
C02,61,0.0006948333862680221,0.03784094753868847,0.373228764807453,0.018361944704413824,0.016500262401801153,0.001861682302612671,0.10138807912678018,120
C02,62,0.0007784878482927443,0.04239680822617946,0.4181636400583603,0.018361944704413824,0.016500262401801153,0.001861682302612671,0.10138807912678018,120
C02,63,0.0008204196816866678,0.04468043526399773,0.44068726470423925,0.018361944704413824,0.016500262401801153,0.001861682302612671,0.10138807912678018,120
C02,64,0.0013549695987724612,0.07379227094866238,0.7278199920958087,0.018361944704413824,0.016500262401801153,0.001861682302612671,0.10138807912678018,120
C02,65,0.0009277409650260011,0.050525201984896066,0.4983347393505414,0.018361944704413824,0.016500262401801153,0.001861682302612671,0.10138807912678018,120
C02,66,0.0007713969770545391,0.042010636099405724,0.4143547886618283,0.018361944704413824,0.016500262401801153,0.001861682302612671,0.10138807912678018,120
C02,67,0.0011494947302992148,0.06260201459069313,0.6174494588502144,0.018361944704413824,0.016500262401801153,0.001861682302612671,0.10138807912678018,120
C02,68,0.001500433031845409,0.08171427678271662,0.805955468201912,0.018361944704413824,0.016500262401801153,0.001861682302612671,0.10138807912678018,120
C02,69,0.0010066360981158598,0.05482186741766441,0.5407131478357796,0.018361944704413824,0.016500262401801153,0.001861682302612671,0.10138807912678018,120
C02,70,0.0020742502185889834,0.11296462613191387,1.1141805536196998,0.018361944704413824,0.016500262401801153,0.001861682302612671,0.10138807912678018,120
C02,71,0.0015245000109887366,0.08302497559652704,0.8188830118056474,0.018361944704413824,0.016500262401801153,0.001861682302612671,0.10138807912678018,120
C02,72,0.0012531911952886447,0.06824937202797501,0.6731498674773486,0.018361944704413824,0.016500262401801153,0.001861682302612671,0.10138807912678018,120
C02,73,0.0010548394501741932,0.05744704426218167,0.566605509808972,0.018361944704413824,0.016500262401801153,0.001861682302612671,0.10138807912678018,120
C02,74,0.0014681585812491018,0.07995659527806918,0.7886192929850055,0.018361944704413824,0.016500262401801153,0.001861682302612671,0.10138807912678018,120
C02,75,0.0005676545134986981,0.030914727314381135,0.304914814252709,0.018361944704413824,0.016500262401801153,0.001861682302612671,0.10138807912678018,120
C02,76,0.0016110518074782462,0.08773862645882946,0.8653741861419149,0.018361944704413824,0.016500262401801153,0.001861682302612671,0.10138807912678018,120
C02,77,0.0014911056328438675,0.08120630231967953,0.8009452690994919,0.018361944704413824,0.016500262401801153,0.001861682302612671,0.10138807912678018,120
C02,78,0.000856159793422404,0.04662685827697767,0.4598850148711602,0.018361944704413824,0.016500262401801153,0.001861682302612671,0.10138807912678018,120
C02,79,0.000528894921714223,0.02880386202160209,0.28409515467380003,0.018361944704413824,0.016500262401801153,0.001861682302612671,0.10138807912678018,120
C02,80,0.0014443009275715362,0.07865729642592578,0.7758041882573709,0.018361944704413824,0.016500262401801153,0.001861682302612671,0.10138807912678018,120
C02,81,0.0014014993152043742,0.07632630082299961,0.7528133630735602,0.018361944704413824,0.016500262401801153,0.001861682302612671,0.10138807912678018,120
C02,82,0.0005456969883685193,0.0297189103416342,0.2931203608707524,0.018361944704413824,0.016500262401801153,0.001861682302612671,0.10138807912678018,120
C02,83,0.0008928179359015828,0.048623277668784624,0.47957588394572415,0.018361944704413824,0.016500262401801153,0.001861682302612671,0.10138807912678018,120
C02,84,0.0009765902174119876,0.05318555485995097,0.5245740457657293,0.018361944704413824,0.016500262401801153,0.001861682302612671,0.10138807912678018,120
C02,85,0.0004849597218069841,0.02641113071702095,0.260495424555734,0.018361944704413824,0.016500262401801153,0.001861682302612671,0.10138807912678018,120
C02,86,0.0008371184224424731,0.045589856407815425,0.4496569695418318,0.018361944704413824,0.016500262401801153,0.001861682302612671,0.10138807912678018,120
C02,87,0.0008328127515437006,0.045355367579530396,0.447344184544773,0.018361944704413824,0.016500262401801153,0.001861682302612671,0.10138807912678018,120
C02,88,0.0005369350207408309,0.029241729532698303,0.2884138824262874,0.018361944704413824,0.016500262401801153,0.001861682302612671,0.10138807912678018,120
C02,89,0.0011678662217949021,0.06360253451336076,0.6273176793677028,0.018361944704413824,0.016500262401801153,0.001861682302612671,0.10138807912678018,120
C02,90,0.0010022198487576002,0.05458135643533921,0.5383409657765411,0.018361944704413824,0.016500262401801153,0.001861682302612671,0.10138807912678018,120
C02,91,0.001357962516419831,0.07395526662779926,0.7294276335516949,0.018361944704413824,0.016500262401801153,0.001861682302612671,0.10138807912678018,120
C02,92,0.001155178492924038,0.06291155493167112,0.6205024838571378,0.018361944704413824,0.016500262401801153,0.001861682302612671,0.10138807912678018,120
C02,93,0.0011794465392930972,0.0642332039595775,0.6335380304350913,0.018361944704413824,0.016500262401801153,0.001861682302612671,0.10138807912678018,120
C02,94,0.001453122010565313,0.07913769668503648,0.7805424204366194,0.018361944704413824,0.016500262401801153,0.001861682302612671,0.10138807912678018,120
C02,95,0.000596632808476345,0.0324928986597442,0.32048046416890524,0.018361944704413824,0.016500262401801153,0.001861682302612671,0.10138807912678018,120
C02,96,0.001398151467129604,0.07614397546865054,0.7510150712435998,0.018361944704413824,0.016500262401801153,0.001861682302612671,0.10138807912678018,120
C02,97,0.0010413027721636798,0.05670983051775407,0.5593343024759505,0.018361944704413824,0.016500262401801153,0.001861682302612671,0.10138807912678018,120
C02,98,0.0009276590762434315,0.05052074228392823,0.4982907529074976,0.018361944704413824,0.016500262401801153,0.001861682302612671,0.10138807912678018,120
C02,99,0.0013430894749728174,0.07314527391262468,0.721438600500169,0.018361944704413824,0.016500262401801153,0.001861682302612671,0.10138807912678018,120
C02,100,0.0013033088126264834,0.07097880064485738,0.7000704743217625,0.018361944704413824,0.016500262401801153,0.001861682302612671,0.10138807912678018,120
C02,101,0.0017006680850330286,0.09261917037710193,0.913511442122173,0.018361944704413824,0.016500262401801153,0.001861682302612671,0.10138807912678018,120
C02,102,0.0014861435564258506,0.08093606534326471,0.7982798968117213,0.018361944704413824,0.016500262401801153,0.001861682302612671,0.10138807912678018,120
C02,103,0.0006117902140773333,0.033318377978247146,0.3286222430211382,0.018361944704413824,0.016500262401801153,0.001861682302612671,0.10138807912678018,120
C02,104,0.0012054425927214448,0.06564896105104172,0.6475017735462897,0.018361944704413824,0.016500262401801153,0.001861682302612671,0.10138807912678018,120
C02,105,0.0013570447283583107,0.07390528346554195,0.7289346450003013,0.018361944704413824,0.016500262401801153,0.001861682302612671,0.10138807912678018,120
C02,106,0.0004964917735652753,0.027039171588722252,0.2666898497496068,0.018361944704413824,0.016500262401801153,0.001861682302612671,0.10138807912678018,120
C02,107,0.001210492709345922,0.06592399273781414,0.6502144365056947,0.018361944704413824,0.016500262401801153,0.001861682302612671,0.10138807912678018,120
C02,108,0.0016757849214694056,0.09126402178232147,0.9001454862183637,0.018361944704413824,0.016500262401801153,0.001861682302612671,0.10138807912678018,120
C02,109,0.0008299088470193924,0.045197219596239166,0.4457843563612892,0.018361944704413824,0.016500262401801153,0.001861682302612671,0.10138807912678018,120
C02,110,0.001135908006754359,0.06186207534332192,0.610151369629627,0.018361944704413824,0.016500262401801153,0.001861682302612671,0.10138807912678018,120
C02,111,0.0012000301590812381,0.0653541974120408,0.6445944925173993,0.018361944704413824,0.016500262401801153,0.001861682302612671,0.10138807912678018,120
C02,112,0.0007791043259393955,0.042430381883903356,0.41849478014911906,0.018361944704413824,0.016500262401801153,0.001861682302612671,0.10138807912678018,120
C02,113,0.00025565632448832065,0.013923161658735759,0.1373254309446539,0.018361944704413824,0.016500262401801153,0.001861682302612671,0.10138807912678018,120
C02,114,0.0010570176725607555,0.057565671260662865,0.5677755388646843,0.018361944704413824,0.016500262401801153,0.001861682302612671,0.10138807912678018,120
C02,115,0.0005432227553917313,0.029584162469520562,0.29179133014767156,0.018361944704413824,0.016500262401801153,0.001861682302612671,0.10138807912678018,120
C02,116,0.0009944614852191672,0.0541588323692163,0.5341735718406666,0.018361944704413824,0.016500262401801153,0.001861682302612671,0.10138807912678018,120
C02,117,0.0008761953779805947,0.04771800547738148,0.4706471006094588,0.018361944704413824,0.016500262401801153,0.001861682302612671,0.10138807912678018,120
C02,118,0.00048053621335210844,0.026170224400937102,0.25811934328307656,0.018361944704413824,0.016500262401801153,0.001861682302612671,0.10138807912678018,120
C02,119,0.0010701267916230642,0.058279599947048545,0.5748170835170192,0.018361944704413824,0.016500262401801153,0.001861682302612671,0.10138807912678018,120
C02,120,0.0007150033901774862,0.03893941527912425,0.3840630537090329,0.018361944704413824,0.016500262401801153,0.001861682302612671,0.10138807912678018,120
C03,0,0.018361944704413824,1.0,9.86309247213921,0.018361944704413824,0.016500262401801153,0.001861682302612671,0.10138807912678018,120
C03,1,0.0022074885271865722,0.12022084603358699,1.1857493215080788,0.018361944704413824,0.016500262401801153,0.001861682302612671,0.10138807912678018,120
C03,2,0.001946723098784586,0.10601944021303118,1.0456795426655607,0.018361944704413824,0.016500262401801153,0.001861682302612671,0.10138807912678018,120
C03,3,0.0022598227429585604,0.12307099162624897,1.2138605710475638,0.018361944704413824,0.016500262401801153,0.001861682302612671,0.10138807912678018,120
C03,4,0.0018684323971536621,0.101755692397033,1.003625803678489,0.018361944704413824,0.016500262401801153,0.001861682302612671,0.10138807912678018,120
C03,5,0.0011780867625213857,0.06415914988776752,0.6328076282768911,0.018361944704413824,0.016500262401801153,0.001861682302612671,0.10138807912678018,120
C03,6,0.0013901953082355739,0.07571067937599225,0.7467414318138945,0.018361944704413824,0.016500262401801153,0.001861682302612671,0.10138807912678018,120
C03,7,0.001788719029295413,0.09741446552038917,0.9608078815516149,0.018361944704413824,0.016500262401801153,0.001861682302612671,0.10138807912678018,120
C03,8,0.000999132156073925,0.05441319926389686,0.5366824160447519,0.018361944704413824,0.016500262401801153,0.001861682302612671,0.10138807912678018,120
C03,9,0.001610014791166592,0.0876821500709333,0.8648171543056027,0.018361944704413824,0.016500262401801153,0.001861682302612671,0.10138807912678018,120
C03,10,0.0011730357999119021,0.06388407212826042,0.6300945108978436,0.018361944704413824,0.016500262401801153,0.001861682302612671,0.10138807912678018,120
C03,11,0.0011093547632780498,0.06041597342417573,0.5958883326769502,0.018361944704413824,0.016500262401801153,0.001861682302612671,0.10138807912678018,120
C03,12,0.0008658238672096659,0.04715316820453882,0.46507605835570076,0.018361944704413824,0.016500262401801153,0.001861682302612671,0.10138807912678018,120
C03,13,0.0009219075936905105,0.05020751388434926,0.4952013522375501,0.018361944704413824,0.016500262401801153,0.001861682302612671,0.10138807912678018,120
C03,14,0.001792946391429809,0.09764468961715272,0.9630786031073086,0.018361944704413824,0.016500262401801153,0.001861682302612671,0.10138807912678018,120
C03,15,0.0017172298144660007,0.09352112982091787,0.9224075515226487,0.018361944704413824,0.016500262401801153,0.001861682302612671,0.10138807912678018,120
C03,16,0.0006767788218967429,0.03685768761377762,0.3635307812439086,0.018361944704413824,0.016500262401801153,0.001861682302612671,0.10138807912678018,120
C03,17,0.001572071165545018,0.08561572267272569,0.8444357897901189,0.018361944704413824,0.016500262401801153,0.001861682302612671,0.10138807912678018,120
C03,18,0.001197209772694109,0.06520059786512292,0.6430795259824696,0.018361944704413824,0.016500262401801153,0.001861682302612671,0.10138807912678018,120
C03,19,0.0009944379340966565,0.05415754976419326,0.5341609213887191,0.018361944704413824,0.016500262401801153,0.001861682302612671,0.10138807912678018,120
C03,20,0.0016216698520904668,0.08831689007867732,0.8710776536977483,0.018361944704413824,0.016500262401801153,0.001861682302612671,0.10138807912678018,120
C03,21,0.0022521565618164995,0.12265348785606181,1.2097426927547412,0.018361944704413824,0.016500262401801153,0.001861682302612671,0.10138807912678018,120
C03,22,0.0014346090219196097,0.07812947076214427,0.7705981949263256,0.018361944704413824,0.016500262401801153,0.001861682302612671,0.10138807912678018,120
C03,23,0.0011104502022564156,0.06047563153751829,0.5964767461655612,0.018361944704413824,0.016500262401801153,0.001861682302612671,0.10138807912678018,120
C03,24,0.0014070118544551274,0.07662651625984428,0.7557744156887228,0.018361944704413824,0.016500262401801153,0.001861682302612671,0.10138807912678018,120
C03,25,0.001269693396169563,0.06914808951931739,0.6820140012007875,0.018361944704413824,0.016500262401801153,0.001861682302612671,0.10138807912678018,120
C03,26,0.0013312801153656597,0.07250213072723435,0.715095219789838,0.018361944704413824,0.016500262401801153,0.001861682302612671,0.10138807912678018,120
C03,27,0.002541286061339189,0.13839961410668652,1.3650481920426312,0.018361944704413824,0.016500262401801153,0.001861682302612671,0.10138807912678018,120
C03,28,0.00188743367158566,0.10279051058965234,1.0138323112041456,0.018361944704413824,0.016500262401801153,0.001861682302612671,0.10138807912678018,120
C03,29,0.0015728291233234333,0.0856570014038523,0.8448429257323533,0.018361944704413824,0.016500262401801153,0.001861682302612671,0.10138807912678018,120
C03,30,0.0014261415701655516,0.07766832942388381,0.7660499152643366,0.018361944704413824,0.016500262401801153,0.001861682302612671,0.10138807912678018,120
C03,31,0.0012793271028438684,0.0696727456398638,0.6871887330338106,0.018361944704413824,0.016500262401801153,0.001861682302612671,0.10138807912678018,120
C03,32,0.002388109033919413,0.13005752235738746,1.2827693697082252,0.018361944704413824,0.016500262401801153,0.001861682302612671,0.10138807912678018,120
C03,33,0.0011037403959002668,0.06011021238044306,0.5928725832282371,0.018361944704413824,0.016500262401801153,0.001861682302612671,0.10138807912678018,120
C03,34,0.001090273439488544,0.05937679570652804,0.5856388267528044,0.018361944704413824,0.016500262401801153,0.001861682302612671,0.10138807912678018,120
C03,35,0.0016013465834357316,0.0872100754693375,0.860161038856315,0.018361944704413824,0.016500262401801153,0.001861682302612671,0.10138807912678018,120
C03,36,0.001484435241025348,0.08084302969655066,0.7973622776249754,0.018361944704413824,0.016500262401801153,0.001861682302612671,0.10138807912678018,120
C03,37,0.0009689450987462821,0.052769198161966374,0.5204674811521127,0.018361944704413824,0.016500262401801153,0.001861682302612671,0.10138807912678018,120
C03,38,0.0013553749910434339,0.07381434879921135,0.7280377479773594,0.018361944704413824,0.016500262401801153,0.001861682302612671,0.10138807912678018,120
C03,39,0.0011461237218129549,0.062418427909623916,0.6156387264381755,0.018361944704413824,0.016500262401801153,0.001861682302612671,0.10138807912678018,120
C03,40,0.0011601377138384704,0.06318163639604021,0.623166322315221,0.018361944704413824,0.016500262401801153,0.001861682302612671,0.10138807912678018,120
C03,41,0.0011388563675643537,0.06202264443649025,0.6117350774437138,0.018361944704413824,0.016500262401801153,0.001861682302612671,0.10138807912678018,120
C03,42,0.0010918650408206425,0.0594634750511029,0.5864937531437707,0.018361944704413824,0.016500262401801153,0.001861682302612671,0.10138807912678018,120
C03,43,0.0012127819783929758,0.06604866738877874,0.65144411411709,0.018361944704413824,0.016500262401801153,0.001861682302612671,0.10138807912678018,120
C03,44,0.0010494204473119847,0.05715192286031262,0.5636947001318302,0.018361944704413824,0.016500262401801153,0.001861682302612671,0.10138807912678018,120
C03,45,0.0006403475313369683,0.034873622682408054,0.34396176535508205,0.018361944704413824,0.016500262401801153,0.001861682302612671,0.10138807912678018,120
C03,46,0.0013880270354647574,0.07559259423818573,0.7455767471801235,0.018361944704413824,0.016500262401801153,0.001861682302612671,0.10138807912678018,120
C03,47,0.0008377861999226695,0.04562622387819758,0.45001566526518877,0.018361944704413824,0.016500262401801153,0.001861682302612671,0.10138807912678018,120
C03,48,0.0012041025562074966,0.06557598204279831,0.6467819748394601,0.018361944704413824,0.016500262401801153,0.001861682302612671,0.10138807912678018,120
C03,49,0.001175328946705743,0.06400895796310828,0.6313262714354083,0.018361944704413824,0.016500262401801153,0.001861682302612671,0.10138807912678018,120
C03,50,0.0009670702800839526,0.05266709467061456,0.5194604249751815,0.018361944704413824,0.016500262401801153,0.001861682302612671,0.10138807912678018,120
C03,51,0.0012178003742644105,0.06632197154867137,0.6541397383191313,0.018361944704413824,0.016500262401801153,0.001861682302612671,0.10138807912678018,120
C03,52,0.00022336701342473737,0.012164670846168306,0.11998127344889394,0.018361944704413824,0.016500262401801153,0.001861682302612671,0.10138807912678018,120
C03,53,0.0012062453616855837,0.06569268022006557,0.647932979753177,0.018361944704413824,0.016500262401801153,0.001861682302612671,0.10138807912678018,120
C03,54,0.0011445528928516048,0.06233287983796609,0.6147949578966013,0.018361944704413824,0.016500262401801153,0.001861682302612671,0.10138807912678018,120
C03,55,0.0013317215877530853,0.07252617351761044,0.7153323560546057,0.018361944704413824,0.016500262401801153,0.001861682302612671,0.10138807912678018,120
C03,56,0.001071288327373633,0.05834285772117144,0.5754410007927749,0.018361944704413824,0.016500262401801153,0.001861682302612671,0.10138807912678018,120
C03,57,0.0020165179086516737,0.10982049783468444,1.0831697254798565,0.018361944704413824,0.016500262401801153,0.001861682302612671,0.10138807912678018,120
C03,58,0.0005594684790318205,0.030468912091720663,0.3005176974861214,0.018361944704413824,0.016500262401801153,0.001861682302612671,0.10138807912678018,120
C03,59,0.0009619029645760337,0.0523856802784518,0.5166848088022894,0.018361944704413824,0.016500262401801153,0.001861682302612671,0.10138807912678018,120
C03,60,0.0015818018649651842,0.08614566106306552,0.8496626211385774,0.018361944704413824,0.016500262401801153,0.001861682302612671,0.10138807912678018,120
C03,61,0.0006948333862680221,0.03784094753868847,0.373228764807453,0.018361944704413824,0.016500262401801153,0.001861682302612671,0.10138807912678018,120
C03,62,0.0007784878482927443,0.04239680822617946,0.4181636400583603,0.018361944704413824,0.016500262401801153,0.001861682302612671,0.10138807912678018,120
C03,63,0.0008204196816866678,0.04468043526399773,0.44068726470423925,0.018361944704413824,0.016500262401801153,0.001861682302612671,0.10138807912678018,120
C03,64,0.0013549695987724612,0.07379227094866238,0.7278199920958087,0.018361944704413824,0.016500262401801153,0.001861682302612671,0.10138807912678018,120
C03,65,0.0009277409650260011,0.050525201984896066,0.4983347393505414,0.018361944704413824,0.016500262401801153,0.001861682302612671,0.10138807912678018,120
C03,66,0.0007713969770545391,0.042010636099405724,0.4143547886618283,0.018361944704413824,0.016500262401801153,0.001861682302612671,0.10138807912678018,120
C03,67,0.0011494947302992148,0.06260201459069313,0.6174494588502144,0.018361944704413824,0.016500262401801153,0.001861682302612671,0.10138807912678018,120
C03,68,0.001500433031845409,0.08171427678271662,0.805955468201912,0.018361944704413824,0.016500262401801153,0.001861682302612671,0.10138807912678018,120
C03,69,0.0010066360981158598,0.05482186741766441,0.5407131478357796,0.018361944704413824,0.016500262401801153,0.001861682302612671,0.10138807912678018,120
C03,70,0.0020742502185889834,0.11296462613191387,1.1141805536196998,0.018361944704413824,0.016500262401801153,0.001861682302612671,0.10138807912678018,120
C03,71,0.0015245000109887366,0.08302497559652704,0.8188830118056474,0.018361944704413824,0.016500262401801153,0.001861682302612671,0.10138807912678018,120
C03,72,0.0012531911952886447,0.06824937202797501,0.6731498674773486,0.018361944704413824,0.016500262401801153,0.001861682302612671,0.10138807912678018,120
C03,73,0.0010548394501741932,0.05744704426218167,0.566605509808972,0.018361944704413824,0.016500262401801153,0.001861682302612671,0.10138807912678018,120
C03,74,0.0014681585812491018,0.07995659527806918,0.7886192929850055,0.018361944704413824,0.016500262401801153,0.001861682302612671,0.10138807912678018,120
C03,75,0.0005676545134986981,0.030914727314381135,0.304914814252709,0.018361944704413824,0.016500262401801153,0.001861682302612671,0.10138807912678018,120
C03,76,0.0016110518074782462,0.08773862645882946,0.8653741861419149,0.018361944704413824,0.016500262401801153,0.001861682302612671,0.10138807912678018,120
C03,77,0.0014911056328438675,0.08120630231967953,0.8009452690994919,0.018361944704413824,0.016500262401801153,0.001861682302612671,0.10138807912678018,120
C03,78,0.000856159793422404,0.04662685827697767,0.4598850148711602,0.018361944704413824,0.016500262401801153,0.001861682302612671,0.10138807912678018,120
C03,79,0.000528894921714223,0.02880386202160209,0.28409515467380003,0.018361944704413824,0.016500262401801153,0.001861682302612671,0.10138807912678018,120
C03,80,0.0014443009275715362,0.07865729642592578,0.7758041882573709,0.018361944704413824,0.016500262401801153,0.001861682302612671,0.10138807912678018,120
C03,81,0.0014014993152043742,0.07632630082299961,0.7528133630735602,0.018361944704413824,0.016500262401801153,0.001861682302612671,0.10138807912678018,120
C03,82,0.0005456969883685193,0.0297189103416342,0.2931203608707524,0.018361944704413824,0.016500262401801153,0.001861682302612671,0.10138807912678018,120
C03,83,0.0008928179359015828,0.048623277668784624,0.47957588394572415,0.018361944704413824,0.016500262401801153,0.001861682302612671,0.10138807912678018,120
C03,84,0.0009765902174119876,0.05318555485995097,0.5245740457657293,0.018361944704413824,0.016500262401801153,0.001861682302612671,0.10138807912678018,120
C03,85,0.0004849597218069841,0.02641113071702095,0.260495424555734,0.018361944704413824,0.016500262401801153,0.001861682302612671,0.10138807912678018,120
C03,86,0.0008371184224424731,0.045589856407815425,0.4496569695418318,0.018361944704413824,0.016500262401801153,0.001861682302612671,0.10138807912678018,120
C03,87,0.0008328127515437006,0.045355367579530396,0.447344184544773,0.018361944704413824,0.016500262401801153,0.001861682302612671,0.10138807912678018,120
C03,88,0.0005369350207408309,0.029241729532698303,0.2884138824262874,0.018361944704413824,0.016500262401801153,0.001861682302612671,0.10138807912678018,120
C03,89,0.0011678662217949021,0.06360253451336076,0.6273176793677028,0.018361944704413824,0.016500262401801153,0.001861682302612671,0.10138807912678018,120
C03,90,0.0010022198487576002,0.05458135643533921,0.5383409657765411,0.018361944704413824,0.016500262401801153,0.001861682302612671,0.10138807912678018,120
C03,91,0.001357962516419831,0.07395526662779926,0.7294276335516949,0.018361944704413824,0.016500262401801153,0.001861682302612671,0.10138807912678018,120
C03,92,0.001155178492924038,0.06291155493167112,0.6205024838571378,0.018361944704413824,0.016500262401801153,0.001861682302612671,0.10138807912678018,120
C03,93,0.0011794465392930972,0.0642332039595775,0.6335380304350913,0.018361944704413824,0.016500262401801153,0.001861682302612671,0.10138807912678018,120
C03,94,0.001453122010565313,0.07913769668503648,0.7805424204366194,0.018361944704413824,0.016500262401801153,0.001861682302612671,0.10138807912678018,120
C03,95,0.000596632808476345,0.0324928986597442,0.32048046416890524,0.018361944704413824,0.016500262401801153,0.001861682302612671,0.10138807912678018,120
C03,96,0.001398151467129604,0.07614397546865054,0.7510150712435998,0.018361944704413824,0.016500262401801153,0.001861682302612671,0.10138807912678018,120
C03,97,0.0010413027721636798,0.05670983051775407,0.5593343024759505,0.018361944704413824,0.016500262401801153,0.001861682302612671,0.10138807912678018,120
C03,98,0.0009276590762434315,0.05052074228392823,0.4982907529074976,0.018361944704413824,0.016500262401801153,0.001861682302612671,0.10138807912678018,120
C03,99,0.0013430894749728174,0.07314527391262468,0.721438600500169,0.018361944704413824,0.016500262401801153,0.001861682302612671,0.10138807912678018,120
C03,100,0.0013033088126264834,0.07097880064485738,0.7000704743217625,0.018361944704413824,0.016500262401801153,0.001861682302612671,0.10138807912678018,120
C03,101,0.0017006680850330286,0.09261917037710193,0.913511442122173,0.018361944704413824,0.016500262401801153,0.001861682302612671,0.10138807912678018,120
C03,102,0.0014861435564258506,0.08093606534326471,0.7982798968117213,0.018361944704413824,0.016500262401801153,0.001861682302612671,0.10138807912678018,120
C03,103,0.0006117902140773333,0.033318377978247146,0.3286222430211382,0.018361944704413824,0.016500262401801153,0.001861682302612671,0.10138807912678018,120
C03,104,0.0012054425927214448,0.06564896105104172,0.6475017735462897,0.018361944704413824,0.016500262401801153,0.001861682302612671,0.10138807912678018,120
C03,105,0.0013570447283583107,0.07390528346554195,0.7289346450003013,0.018361944704413824,0.016500262401801153,0.001861682302612671,0.10138807912678018,120
C03,106,0.0004964917735652753,0.027039171588722252,0.2666898497496068,0.018361944704413824,0.016500262401801153,0.001861682302612671,0.10138807912678018,120
C03,107,0.001210492709345922,0.06592399273781414,0.6502144365056947,0.018361944704413824,0.016500262401801153,0.001861682302612671,0.10138807912678018,120
C03,108,0.0016757849214694056,0.09126402178232147,0.9001454862183637,0.018361944704413824,0.016500262401801153,0.001861682302612671,0.10138807912678018,120
C03,109,0.0008299088470193924,0.045197219596239166,0.4457843563612892,0.018361944704413824,0.016500262401801153,0.001861682302612671,0.10138807912678018,120
C03,110,0.001135908006754359,0.06186207534332192,0.610151369629627,0.018361944704413824,0.016500262401801153,0.001861682302612671,0.10138807912678018,120
C03,111,0.0012000301590812381,0.0653541974120408,0.6445944925173993,0.018361944704413824,0.016500262401801153,0.001861682302612671,0.10138807912678018,120
C03,112,0.0007791043259393955,0.042430381883903356,0.41849478014911906,0.018361944704413824,0.016500262401801153,0.001861682302612671,0.10138807912678018,120
C03,113,0.00025565632448832065,0.013923161658735759,0.1373254309446539,0.018361944704413824,0.016500262401801153,0.001861682302612671,0.10138807912678018,120
C03,114,0.0010570176725607555,0.057565671260662865,0.5677755388646843,0.018361944704413824,0.016500262401801153,0.001861682302612671,0.10138807912678018,120
C03,115,0.0005432227553917313,0.029584162469520562,0.29179133014767156,0.018361944704413824,0.016500262401801153,0.001861682302612671,0.10138807912678018,120
C03,116,0.0009944614852191672,0.0541588323692163,0.5341735718406666,0.018361944704413824,0.016500262401801153,0.001861682302612671,0.10138807912678018,120
C03,117,0.0008761953779805947,0.04771800547738148,0.4706471006094588,0.018361944704413824,0.016500262401801153,0.001861682302612671,0.10138807912678018,120
C03,118,0.00048053621335210844,0.026170224400937102,0.25811934328307656,0.018361944704413824,0.016500262401801153,0.001861682302612671,0.10138807912678018,120
C03,119,0.0010701267916230642,0.058279599947048545,0.5748170835170192,0.018361944704413824,0.016500262401801153,0.001861682302612671,0.10138807912678018,120
C03,120,0.0007150033901774862,0.03893941527912425,0.3840630537090329,0.018361944704413824,0.016500262401801153,0.001861682302612671,0.10138807912678018,120
C04,0,0.28893021245040734,1.0,,0.28893021245040734,0.3196010320401172,-0.030670819589709852,-0.10615303719743141,120
C04,1,-0.030326133612508507,-0.10496006407676649,,0.28893021245040734,0.3196010320401172,-0.030670819589709852,-0.10615303719743141,120
C04,2,-0.01546965353548187,-0.05354114200894487,,0.28893021245040734,0.3196010320401172,-0.030670819589709852,-0.10615303719743141,120
C04,3,-0.005195506583936487,-0.017981873684560612,,0.28893021245040734,0.3196010320401172,-0.030670819589709852,-0.10615303719743141,120
C04,4,-0.00507921093654798,-0.0175793694036749,,0.28893021245040734,0.3196010320401172,-0.030670819589709852,-0.10615303719743141,120
C04,5,0.015076140476443392,0.05217917623976792,,0.28893021245040734,0.3196010320401172,-0.030670819589709852,-0.10615303719743141,120
C04,6,-0.004388598731173335,-0.015189130599925075,,0.28893021245040734,0.3196010320401172,-0.030670819589709852,-0.10615303719743141,120
C04,7,0.0023947431865280373,0.008288310060129405,,0.28893021245040734,0.3196010320401172,-0.030670819589709852,-0.10615303719743141,120
C04,8,0.01360077277032199,0.0470728646027506,,0.28893021245040734,0.3196010320401172,-0.030670819589709852,-0.10615303719743141,120
C04,9,-0.0029472187579038826,-0.010200451980804015,,0.28893021245040734,0.3196010320401172,-0.030670819589709852,-0.10615303719743141,120
C04,10,-0.00215717068245494,-0.007466061316883578,,0.28893021245040734,0.3196010320401172,-0.030670819589709852,-0.10615303719743141,120
C04,11,0.00464586702405953,0.01607954732271883,,0.28893021245040734,0.3196010320401172,-0.030670819589709852,-0.10615303719743141,120
C04,12,-0.005200388536441213,-0.017998770333974054,,0.28893021245040734,0.3196010320401172,-0.030670819589709852,-0.10615303719743141,120
C04,13,-0.005012018695382573,-0.017346814141988864,,0.28893021245040734,0.3196010320401172,-0.030670819589709852,-0.10615303719743141,120
C04,14,-0.013655625877312139,-0.047262713585745283,,0.28893021245040734,0.3196010320401172,-0.030670819589709852,-0.10615303719743141,120
C04,15,0.010814238850811269,0.03742854981864332,,0.28893021245040734,0.3196010320401172,-0.030670819589709852,-0.10615303719743141,120
C04,16,-0.022077577845502145,-0.0764114547186428,,0.28893021245040734,0.3196010320401172,-0.030670819589709852,-0.10615303719743141,120
C04,17,0.015504970857032941,0.05366337679101056,,0.28893021245040734,0.3196010320401172,-0.030670819589709852,-0.10615303719743141,120
C04,18,-0.008387180512288409,-0.02902839561552603,,0.28893021245040734,0.3196010320401172,-0.030670819589709852,-0.10615303719743141,120
C04,19,0.010300286686663721,0.035649739081653455,,0.28893021245040734,0.3196010320401172,-0.030670819589709852,-0.10615303719743141,120
C04,20,0.009152468410221574,0.03167709023088932,,0.28893021245040734,0.3196010320401172,-0.030670819589709852,-0.10615303719743141,120
C04,21,0.004903313855274845,0.016970581974415228,,0.28893021245040734,0.3196010320401172,-0.030670819589709852,-0.10615303719743141,120
C04,22,-0.007644328278747374,-0.026457351807954194,,0.28893021245040734,0.3196010320401172,-0.030670819589709852,-0.10615303719743141,120
C04,23,0.0010143525330959557,0.003510718122875646,,0.28893021245040734,0.3196010320401172,-0.030670819589709852,-0.10615303719743141,120
C04,24,-0.006986455162244218,-0.024180424411114117,,0.28893021245040734,0.3196010320401172,-0.030670819589709852,-0.10615303719743141,120
C04,25,0.00040902296702763564,0.0014156462335964304,,0.28893021245040734,0.3196010320401172,-0.030670819589709852,-0.10615303719743141,120
C04,26,0.008252701320538213,0.02856295729874468,,0.28893021245040734,0.3196010320401172,-0.030670819589709852,-0.10615303719743141,120
C04,27,0.007964707492516206,0.0275661981658747,,0.28893021245040734,0.3196010320401172,-0.030670819589709852,-0.10615303719743141,120
C04,28,-0.00010562073314428078,-0.00036555793957480226,,0.28893021245040734,0.3196010320401172,-0.030670819589709852,-0.10615303719743141,120
C04,29,-0.010420844146934899,-0.036066993681817046,,0.28893021245040734,0.3196010320401172,-0.030670819589709852,-0.10615303719743141,120
C04,30,0.009065330835594083,0.03137550330479918,,0.28893021245040734,0.3196010320401172,-0.030670819589709852,-0.10615303719743141,120
C04,31,-0.015038911471512479,-0.0520503250385897,,0.28893021245040734,0.3196010320401172,-0.030670819589709852,-0.10615303719743141,120
C04,32,-0.0003608887091314762,-0.001249051478801027,,0.28893021245040734,0.3196010320401172,-0.030670819589709852,-0.10615303719743141,120
C04,33,-0.005983365992355308,-0.02070868927693848,,0.28893021245040734,0.3196010320401172,-0.030670819589709852,-0.10615303719743141,120
C04,34,0.006020900702438129,0.020838598536909916,,0.28893021245040734,0.3196010320401172,-0.030670819589709852,-0.10615303719743141,120
C04,35,-0.004651970338396625,-0.016100671158420652,,0.28893021245040734,0.3196010320401172,-0.030670819589709852,-0.10615303719743141,120
C04,36,-0.015388541931908022,-0.053260411230097116,,0.28893021245040734,0.3196010320401172,-0.030670819589709852,-0.10615303719743141,120
C04,37,0.004727396681505649,0.01636172500415501,,0.28893021245040734,0.3196010320401172,-0.030670819589709852,-0.10615303719743141,120
C04,38,-0.005499701813533939,-0.019034706571151402,,0.28893021245040734,0.3196010320401172,-0.030670819589709852,-0.10615303719743141,120
C04,39,-0.003308244535738027,-0.011449977860331452,,0.28893021245040734,0.3196010320401172,-0.030670819589709852,-0.10615303719743141,120
C04,40,0.0006466661584238983,0.0022381396287343733,,0.28893021245040734,0.3196010320401172,-0.030670819589709852,-0.10615303719743141,120
C04,41,-0.004939964476110381,-0.01709743136314721,,0.28893021245040734,0.3196010320401172,-0.030670819589709852,-0.10615303719743141,120
C04,42,0.0022327207621717663,0.007727543420385626,,0.28893021245040734,0.3196010320401172,-0.030670819589709852,-0.10615303719743141,120
C04,43,0.010108917588351923,0.03498740233019779,,0.28893021245040734,0.3196010320401172,-0.030670819589709852,-0.10615303719743141,120
C04,44,-0.00815166237207332,-0.02821325711471759,,0.28893021245040734,0.3196010320401172,-0.030670819589709852,-0.10615303719743141,120
C04,45,-0.002975527232421002,-0.010298428839219189,,0.28893021245040734,0.3196010320401172,-0.030670819589709852,-0.10615303719743141,120
C04,46,-0.0182851483047873,-0.06328569155060516,,0.28893021245040734,0.3196010320401172,-0.030670819589709852,-0.10615303719743141,120
C04,47,0.020222283529760122,0.069990200603307,,0.28893021245040734,0.3196010320401172,-0.030670819589709852,-0.10615303719743141,120
C04,48,-0.0009714527936240721,-0.003362240263436675,,0.28893021245040734,0.3196010320401172,-0.030670819589709852,-0.10615303719743141,120
C04,49,-0.0001385817733601128,-0.0004796375297162781,,0.28893021245040734,0.3196010320401172,-0.030670819589709852,-0.10615303719743141,120
C04,50,-0.005381079827925703,-0.018624150732763276,,0.28893021245040734,0.3196010320401172,-0.030670819589709852,-0.10615303719743141,120
C04,51,-0.007945709186453003,-0.02750044420438317,,0.28893021245040734,0.3196010320401172,-0.030670819589709852,-0.10615303719743141,120
C04,52,-0.00324449400178988,-0.011229334496636528,,0.28893021245040734,0.3196010320401172,-0.030670819589709852,-0.10615303719743141,120
C04,53,0.0024293962183945055,0.008408245706777697,,0.28893021245040734,0.3196010320401172,-0.030670819589709852,-0.10615303719743141,120
C04,54,0.02004074340161351,0.06936188234400495,,0.28893021245040734,0.3196010320401172,-0.030670819589709852,-0.10615303719743141,120
C04,55,-0.022401536533528398,-0.07753268979225719,,0.28893021245040734,0.3196010320401172,-0.030670819589709852,-0.10615303719743141,120
C04,56,0.006211224726863574,0.02149731824230629,,0.28893021245040734,0.3196010320401172,-0.030670819589709852,-0.10615303719743141,120
C04,57,-0.015789015348490407,-0.05464646709869592,,0.28893021245040734,0.3196010320401172,-0.030670819589709852,-0.10615303719743141,120
C04,58,-0.006273942798146631,-0.02171438820792583,,0.28893021245040734,0.3196010320401172,-0.030670819589709852,-0.10615303719743141,120
C04,59,0.003235343742429011,0.011197665052021284,,0.28893021245040734,0.3196010320401172,-0.030670819589709852,-0.10615303719743141,120
C04,60,0.02530510307979485,0.08758205957481265,,0.28893021245040734,0.3196010320401172,-0.030670819589709852,-0.10615303719743141,120
C04,61,-0.018004914831426896,-0.0623157913418878,,0.28893021245040734,0.3196010320401172,-0.030670819589709852,-0.10615303719743141,120
C04,62,0.013828020519403468,0.04785937892104981,,0.28893021245040734,0.3196010320401172,-0.030670819589709852,-0.10615303719743141,120
C04,63,-0.014749723263405467,-0.05104943210442952,,0.28893021245040734,0.3196010320401172,-0.030670819589709852,-0.10615303719743141,120
C04,64,0.012920237998747424,0.04471750423457389,,0.28893021245040734,0.3196010320401172,-0.030670819589709852,-0.10615303719743141,120
C04,65,-0.00662405780925728,-0.022926151450479583,,0.28893021245040734,0.3196010320401172,-0.030670819589709852,-0.10615303719743141,120
C04,66,0.0023519896797307887,0.008140338318321382,,0.28893021245040734,0.3196010320401172,-0.030670819589709852,-0.10615303719743141,120
C04,67,0.01933367159892533,0.06691467615988345,,0.28893021245040734,0.3196010320401172,-0.030670819589709852,-0.10615303719743141,120
C04,68,-0.010301138286925743,-0.03565268650710543,,0.28893021245040734,0.3196010320401172,-0.030670819589709852,-0.10615303719743141,120
C04,69,0.011535556224582008,0.039925060542299634,,0.28893021245040734,0.3196010320401172,-0.030670819589709852,-0.10615303719743141,120
C04,70,-0.0035353879135478186,-0.012236130945131398,,0.28893021245040734,0.3196010320401172,-0.030670819589709852,-0.10615303719743141,120
C04,71,0.010340845510953047,0.035790114932089265,,0.28893021245040734,0.3196010320401172,-0.030670819589709852,-0.10615303719743141,120
C04,72,-0.005799480734449722,-0.020072254421801453,,0.28893021245040734,0.3196010320401172,-0.030670819589709852,-0.10615303719743141,120
C04,73,0.0024118304886785263,0.008347449954173617,,0.28893021245040734,0.3196010320401172,-0.030670819589709852,-0.10615303719743141,120
C04,74,-0.00922826852488701,-0.03193943771619582,,0.28893021245040734,0.3196010320401172,-0.030670819589709852,-0.10615303719743141,120
C04,75,0.006166587671255843,0.021342827456350865,,0.28893021245040734,0.3196010320401172,-0.030670819589709852,-0.10615303719743141,120
C04,76,0.004845867765049733,0.016771758563952494,,0.28893021245040734,0.3196010320401172,-0.030670819589709852,-0.10615303719743141,120
C04,77,0.0003433859021737858,0.0011884735045931735,,0.28893021245040734,0.3196010320401172,-0.030670819589709852,-0.10615303719743141,120
C04,78,-0.0106547614055658,-0.03687659146201129,,0.28893021245040734,0.3196010320401172,-0.030670819589709852,-0.10615303719743141,120
C04,79,-0.0047989801694477,-0.016609478561441227,,0.28893021245040734,0.3196010320401172,-0.030670819589709852,-0.10615303719743141,120
C04,80,-0.007269668051875744,-0.025160636508802372,,0.28893021245040734,0.3196010320401172,-0.030670819589709852,-0.10615303719743141,120
C04,81,0.026108665782525707,0.09036322495006319,,0.28893021245040734,0.3196010320401172,-0.030670819589709852,-0.10615303719743141,120
C04,82,-0.019438296674222595,-0.06727678808445493,,0.28893021245040734,0.3196010320401172,-0.030670819589709852,-0.10615303719743141,120
C04,83,-0.017952749267834724,-0.06213524406318766,,0.28893021245040734,0.3196010320401172,-0.030670819589709852,-0.10615303719743141,120
C04,84,-0.006951083528152419,-0.02405800165098871,,0.28893021245040734,0.3196010320401172,-0.030670819589709852,-0.10615303719743141,120
C04,85,0.01085056178930497,0.03755426508457431,,0.28893021245040734,0.3196010320401172,-0.030670819589709852,-0.10615303719743141,120
C04,86,0.004817109109719985,0.016672223610214542,,0.28893021245040734,0.3196010320401172,-0.030670819589709852,-0.10615303719743141,120
C04,87,-0.014496222282632108,-0.050172054212296244,,0.28893021245040734,0.3196010320401172,-0.030670819589709852,-0.10615303719743141,120
C04,88,0.003823586972872212,0.013233600392442523,,0.28893021245040734,0.3196010320401172,-0.030670819589709852,-0.10615303719743141,120
C04,89,-0.011674163464284492,-0.04040478621213167,,0.28893021245040734,0.3196010320401172,-0.030670819589709852,-0.10615303719743141,120
C04,90,0.022953287975928383,0.07944232547113134,,0.28893021245040734,0.3196010320401172,-0.030670819589709852,-0.10615303719743141,120
C04,91,-0.011065193337559327,-0.03829711418448004,,0.28893021245040734,0.3196010320401172,-0.030670819589709852,-0.10615303719743141,120
C04,92,-0.003553595657195691,-0.012299148735806363,,0.28893021245040734,0.3196010320401172,-0.030670819589709852,-0.10615303719743141,120
C04,93,-0.009299143228563343,-0.03218473814038907,,0.28893021245040734,0.3196010320401172,-0.030670819589709852,-0.10615303719743141,120
C04,94,0.004396613402957528,0.015216869726672053,,0.28893021245040734,0.3196010320401172,-0.030670819589709852,-0.10615303719743141,120
C04,95,0.0016913801538454107,0.005853940089895317,,0.28893021245040734,0.3196010320401172,-0.030670819589709852,-0.10615303719743141,120
C04,96,0.02208008971727908,0.07642014841583573,,0.28893021245040734,0.3196010320401172,-0.030670819589709852,-0.10615303719743141,120
C04,97,-0.006326485332834823,-0.021896240199943493,,0.28893021245040734,0.3196010320401172,-0.030670819589709852,-0.10615303719743141,120
C04,98,-0.01100648777958376,-0.03809393170149328,,0.28893021245040734,0.3196010320401172,-0.030670819589709852,-0.10615303719743141,120
C04,99,0.01799814599567129,0.06229236410768407,,0.28893021245040734,0.3196010320401172,-0.030670819589709852,-0.10615303719743141,120
C04,100,-0.005815425040509025,-0.020127438356787274,,0.28893021245040734,0.3196010320401172,-0.030670819589709852,-0.10615303719743141,120
C04,101,0.010456613945198322,0.03619079450541407,,0.28893021245040734,0.3196010320401172,-0.030670819589709852,-0.10615303719743141,120
C04,102,-0.006795333877974965,-0.02351894535481066,,0.28893021245040734,0.3196010320401172,-0.030670819589709852,-0.10615303719743141,120
C04,103,-0.00601606174950212,-0.02082185071086926,,0.28893021245040734,0.3196010320401172,-0.030670819589709852,-0.10615303719743141,120
C04,104,-0.02049431469852414,-0.0709317122799743,,0.28893021245040734,0.3196010320401172,-0.030670819589709852,-0.10615303719743141,120
C04,105,3.18189823523531e-05,0.00011012687832988247,,0.28893021245040734,0.3196010320401172,-0.030670819589709852,-0.10615303719743141,120
C04,106,-0.0007533981684885207,-0.002607543745941196,,0.28893021245040734,0.3196010320401172,-0.030670819589709852,-0.10615303719743141,120
C04,107,0.009981791592682006,0.034547413744055254,,0.28893021245040734,0.3196010320401172,-0.030670819589709852,-0.10615303719743141,120
C04,108,-0.015956720892036425,-0.05522690326050715,,0.28893021245040734,0.3196010320401172,-0.030670819589709852,-0.10615303719743141,120
C04,109,0.002760457638446272,0.009554063644071433,,0.28893021245040734,0.3196010320401172,-0.030670819589709852,-0.10615303719743141,120
C04,110,0.006081999997087111,0.021050065846371258,,0.28893021245040734,0.3196010320401172,-0.030670819589709852,-0.10615303719743141,120
C04,111,-0.010493106192717438,-0.036317095757227184,,0.28893021245040734,0.3196010320401172,-0.030670819589709852,-0.10615303719743141,120
C04,112,-0.01321643314182763,-0.04574264847465936,,0.28893021245040734,0.3196010320401172,-0.030670819589709852,-0.10615303719743141,120
C04,113,-0.0007505934929948906,-0.002597836642382022,,0.28893021245040734,0.3196010320401172,-0.030670819589709852,-0.10615303719743141,120
C04,114,0.01047433137749877,0.036252115307244336,,0.28893021245040734,0.3196010320401172,-0.030670819589709852,-0.10615303719743141,120
C04,115,0.007545146590296997,0.026114079681411176,,0.28893021245040734,0.3196010320401172,-0.030670819589709852,-0.10615303719743141,120
C04,116,0.013401208761280457,0.046382164909738094,,0.28893021245040734,0.3196010320401172,-0.030670819589709852,-0.10615303719743141,120
C04,117,-0.03018891814851702,-0.10448515540304985,,0.28893021245040734,0.3196010320401172,-0.030670819589709852,-0.10615303719743141,120
C04,118,0.01655239990106151,0.05728857415318795,,0.28893021245040734,0.3196010320401172,-0.030670819589709852,-0.10615303719743141,120
C04,119,0.0073647407380951265,0.025489687200362363,,0.28893021245040734,0.3196010320401172,-0.030670819589709852,-0.10615303719743141,120
C04,120,0.022132913725223094,0.076602974599003,,0.28893021245040734,0.3196010320401172,-0.030670819589709852,-0.10615303719743141,120
